,code,logo,ko_name,description,sector,industry,country_code,phone,website
0,AAPL,https://file.alphasquare.co.kr/media/images/stock_logo/us/AAPL.png,애플,"Apple은 스마트폰(iPhone), 태블릿(iPad), PC(Mac), 스마트워치(Apple Watch) 및 AirPods를 비롯한 다양한 소비자 전자 장치를 설계합니다. iPhone은 Apple의 총 수익의 대부분을 차지합니다. 또한 Apple은 고객에게 Apple Music, iCloud, Apple Care, Apple TV+, Apple Arcade, Apple Fitness, Apple Card 및 Apple Pay와 같은 다양한 서비스를 제공합니다. Apple의 제품에는 자체 개발한 소프트웨어와 반도체가 포함되며, Apple은 하드웨어, 소프트웨어, 반도체 및 서비스의 통합으로 잘 알려져 있습니다. Apple의 제품은 온라인은 물론 회사 소유 매장과 제3자 판매점을 통해 유통됩니다. 이 회사는 미주에서 수익의 약 40%를 창출하고 나머지는 국제적으로 벌어들입니다.",생활가전/가구,전자제품,US,(408) 996-1010,https://www.apple.com
0,ABNB,https://file.alphasquare.co.kr/media/images/stock_logo/us/ABNB.svg,에어비앤비,2008년에 시작된 에어비앤비는 세계 최대의 온라인 대안 숙박 여행사로 부티크 호텔 및 체험 예약 서비스도 제공합니다. 에어비앤비의 플랫폼은 2022년에 660만 개의 활성 숙박 시설 목록을 제공했습니다. 회사의 400만 개가 넘는 호스트 목록은 전 세계 거의 모든 국가에 퍼져 있습니다. 2022년 4분기 매출의 47%는 북미 지역에서 발생했습니다. 온라인 예약에 대한 거래 수수료는 모든 수익을 차지합니다.,금융,부동산,US,415.800.5959,https://www.airbnb.com
0,ACGL,https://file.alphasquare.co.kr/media/images/stock_logo/us/ACGL.png,아치 캐피털 그룹,"Arch Capital Group Ltd는 버뮤다, 미국, 캐나다, 유럽, 호주 및 남아프리카에서 운영되는 보험 및 재보험을 작성하는 버뮤다 회사입니다. 이 사업은 보험, 재보험 및 모기지의 세 부분으로 운영됩니다. 보험 부문은 다양한 산업 분야의 전 세계 고객에게 전문 위험 솔루션을 제공합니다. 재보험 부문은 재산 재앙, 재산, 책임, 해양, 항공 및 우주, 무역 신용 및 보증, 농업, 사고, 생명 및 건강, 정치적 위험을 다루는 재보험 서비스를 제공합니다. 모기지 비즈니스는 미국, 유럽 및 버뮤다의 플랫폼을 통해 모기지 보험 부문에 위험 관리 및 위험 금융 상품을 제공합니다.",금융,보험,US,441-278-9250,https://www.archgroup.com
0,ADBE,https://file.alphasquare.co.kr/media/images/stock_logo/us/ADBE.png,어도비,"Adobe는 콘텐츠 제작, 문서 관리, 디지털 마케팅 및 광고 소프트웨어와 서비스를 창의적인 전문가와 마케터에게 제공하여 다양한 운영 체제, 장치 및 미디어에서 매력적인 콘텐츠를 생성, 관리, 제공, 측정, 최적화 및 참여시킬 수 있도록 합니다. 이 회사는 디지털 미디어 콘텐츠 제작, 마케팅 솔루션을 위한 디지털 경험, 레거시 제품 출판(매출의 5% 미만)의 세 가지 부문으로 운영됩니다.",IT/ICT,소프트웨어,US,(408) 536-6000,https://www.adobe.com
0,ADI,https://file.alphasquare.co.kr/media/images/stock_logo/us/ADI.png,애널로그 디바이시스,"Analog Devices는 선도적인 아날로그, 혼합 신호 및 디지털 신호 처리 칩 제조업체입니다. 이 회사는 아날로그 신호를 디지털로 또는 그 반대로 변환하는 데 사용되는 변환기 칩에서 상당한 시장 점유율을 차지하고 있습니다. 이 회사는 수만 명의 고객에게 서비스를 제공하고 있으며 칩 판매의 절반 이상이 산업 및 자동차 최종 시장에서 이루어집니다. Analog Devices의 칩은 무선 인프라 장비에도 통합됩니다.",하드웨어/IT장비,반도체/반도체장비,US,(781) 329-4700,https://www.analog.com
0,ADP,https://file.alphasquare.co.kr/media/images/stock_logo/us/ADP.png,오토매틱 데이터 프로세싱,"ADP는 마이크로 기업에서 글로벌 기업에 이르기까지 모든 비즈니스 범위에 서비스를 제공하는 급여 및 인적 자본 관리 솔루션 제공업체입니다. ADP는 1949년에 설립되었으며 주로 미국에서 990,000명 이상의 고객에게 서비스를 제공합니다. ADP의 고용주 서비스 부문은 급여, HCM 솔루션, 인적 자원 아웃소싱, 보험 및 은퇴 서비스를 제공합니다. 작지만 빠르게 성장하는 전문 고용주 조직 부문은 공동 고용 모델을 통해 중소기업에 HR 아웃소싱 솔루션을 제공합니다.",IT/ICT,IT서비스,US,(973) 974-5000,https://www.adp.com
0,ADSK,https://file.alphasquare.co.kr/media/images/stock_logo/us/ADSK.jpeg,오토데스크,"1982년에 설립된 Autodesk는 건축, 엔지니어링 및 건설 산업에 서비스를 제공하는 애플리케이션 소프트웨어 회사입니다. 제품 설계 및 제조; 그리고 미디어와 엔터테인먼트. Autodesk 소프트웨어는 이러한 산업의 설계, 모델링 및 렌더링 요구 사항을 지원합니다. 이 회사는 180개국에 걸쳐 400만 명 이상의 유료 가입자를 보유하고 있습니다.",IT/ICT,소프트웨어,US,(415) 507-5000,https://www.autodesk.com
0,AEP,https://file.alphasquare.co.kr/media/images/stock_logo/us/AEP.jpeg,아메리칸 일렉트릭 파워 컴퍼니,"American Electric Power는 미국에서 가장 큰 규제 대상 유틸리티 중 하나로 11개 주에서 500만 명 이상의 고객에게 발전, 송전 및 배전을 제공합니다. AEP 용량의 약 41%는 석탄이고 나머지는 천연 가스(27%), 재생 에너지 및 수력(23%), 원자력(7%) 및 수요 반응(2%)의 혼합입니다. 수직 통합된 유틸리티, 송배전, 발전 및 마케팅이 수익을 지원합니다.",에너지,전기,US,614-716-1000,https://www.aep.com
0,AKAM,https://file.alphasquare.co.kr/media/images/stock_logo/us/AKAM.png,아카마이 테크놀로지,"Akamai는 Akamai 서버에 콘텐츠를 저장하는 고객이 자신의 고객에게 더 빠르고 안전하며 더 나은 품질로 도달할 수 있도록 네트워크 가장자리에 서버를 배치하는 콘텐츠 전송 네트워크(CDN)를 운영합니다. Akamai는 전 세계 1,000개 이상의 도시에 4,100개 이상의 접속 지점에 분산된 325,000개 이상의 서버를 보유하고 있습니다. 고객은 일반적으로 비디오 콘텐츠를 스트리밍하거나 비디오 게임을 다운로드할 수 있도록 하는 미디어 회사와 전자 상거래 회사 및 금융 기관과 같이 대화형 또는 트래픽이 많은 웹 사이트를 운영하는 기타 기업을 포함합니다. Akamai는 또한 사이버 위협으로부터 고객을 보호하기 위해 핵심 전송 및 컴퓨팅 비즈니스와 통합된 중요한 보안 비즈니스를 보유하고 있습니다.",기타,기타,US,(617) 444-3000,https://www.akamai.com
0,ALGN,https://file.alphasquare.co.kr/media/images/stock_logo/us/ALGN.jpeg,얼라인 테크놀로지,"Align Technology는 투명 얼라이너의 선두 제조업체입니다. 주력 제품인 인비절라인은 1998년 FDA의 승인을 받은 이후 투명교정장치 시장을 장악하며 시장의 90% 이상을 장악하고 있다. 인비절라인은 전체 부정교합 사례(치아 정렬 불량)의 약 90%를 치료할 수 있으며 인비절라인 교육을 받은 치과의사 및 치열 교정 전문의는 230,000명이 넘습니다. 인비절라인은 2022년 전체 교정 사례의 약 10%인 200만 건 이상을 치료했으며 출시 이후 1400만 명 이상의 환자를 치료했다. Align은 또한 환자 치아의 디지털 인상을 캡처하고 치료 계획을 보여주는 iTero라는 브랜드로 구강 스캐너를 판매합니다. Invisalign 사례의 85% 이상이 디지털 스캔으로 제출되며 iTero 스캔이 이러한 스캔의 절반 이상을 차지합니다.",헬스케어,의료장비/용품,US,408-470-1000,https://www.aligntech.com
0,ALNY,https://file.alphasquare.co.kr/media/images/stock_logo/us/ALNY.png,앨나일램 파마슈티컬스,"Alnylam Pharmaceuticals는 RNA 간섭(RNAi) 치료제 연구의 선두 주자입니다. RNAi는 서열 특이적 침묵 및 유전자 발현 조절을 위해 세포 내에서 자연적으로 발생하는 생물학적 경로입니다. Alnylam은 hATTR 아밀로이드증에 대한 Onpattro 및 Amvuttra, 급성 간성 포르피린증에 대한 Givlaari, 원발성 고산소뇨증 1형에 대한 Oxlumo 및 고콜레스테롤혈증에 대한 Leqvio의 5가지 약물을 시판하고 있습니다. 또한 다양한 치료 영역에 걸쳐 여러 임상 프로그램이 있습니다. 심장대사질환; 간 감염성 질환 및 CNS/안구 질환. 연구 파트너십의 선불 비용은 Alnylam의 현금 수준을 높였으며 회사는 협력 파트너십에 따라 상용화된 의약품의 추가 이정표와 로열티를 보게 될 것입니다.",헬스케어,제약/건강기능식품,US,(617) 551-8200,https://www.alnylam.com
0,AMAT,https://file.alphasquare.co.kr/media/images/stock_logo/us/AMAT.png,어플라이드 머티어리얼즈,"Applied Materials는 세계 최대의 반도체 제조 장비 공급업체로서 전 세계 거의 모든 칩을 만드는 데 도움이 되는 재료 엔지니어링 솔루션을 제공합니다. 이 회사의 시스템은 리소그래피를 제외한 거의 모든 주요 프로세스 단계에서 사용됩니다. 주요 도구에는 화학적 및 물리적 기상 증착, 에칭, 화학 기계적 연마, 웨이퍼 및 레티클 검사, 임계 치수 측정 및 결함 검사 주사 전자 현미경용 도구가 포함됩니다.",하드웨어/IT장비,반도체/반도체장비,US,(408) 563-5300,https://www.appliedmaterials.com
0,AMD,https://file.alphasquare.co.kr/media/images/stock_logo/us/AMD.png,어드밴스드 마이크로 디바이시스(AMD),Advanced Micro Devices는 컴퓨터 및 가전제품 산업용 마이크로프로세서를 설계합니다. 판매의 대부분은 CPU 및 GPU를 통해 개인용 컴퓨터 및 데이터 센터 시장에서 발생합니다. 또한 이 회사는 Sony PlayStation 및 Microsoft Xbox와 같은 유명한 게임 콘솔에 있는 칩을 공급합니다. AMD는 2006년 PC 먹이 사슬에서 입지를 개선하기 위한 노력의 일환으로 그래픽 프로세서 및 칩셋 제조업체인 ATI를 인수했습니다. 2009년에 회사는 파운드리 GlobalFoundries를 형성하기 위해 제조 작업을 분사했습니다. 2022년에 이 회사는 데이터 센터 및 자동차와 같은 주요 최종 시장에서 비즈니스를 다각화하고 기회를 확대하기 위해 필드 프로그래밍 가능 게이트 어레이 리더인 Xilinx를 인수했습니다.,하드웨어/IT장비,반도체/반도체장비,US,(408) 749-4000,http://www.amd.com
0,AMGN,https://file.alphasquare.co.kr/media/images/stock_logo/us/AMGN.png,암젠,"암젠은 생명공학 기반 인간 치료제 분야의 선두주자로 신장 질환 및 암 지지 요법 제품에 대한 역사적 전문 지식을 보유하고 있습니다. 주력약으로는 적혈구증강제 에포젠과 아라네스프, 면역증강제인 뉴포젠과 뉴라스타, 염증성질환 엔브렐과 오테즐라 등이 있다. 암젠은 2006년 첫 암치료제인 벡티빅스를 출시했고, 뼈 강화제인 프롤리아/엑스지바(2010년 승인)와 이브니티(2019년)를 판매하고 있다. Onyx 인수로 Kyprolis와 함께 회사의 종양 치료 포트폴리오가 강화되었습니다. 최근 출시된 제품에는 Repatha(콜레스테롤 저하제), Aimovig(편두통), Lumakras(폐암) 및 Tezspire(천식)가 있습니다. Amgen의 바이오시밀러 포트폴리오에는 Mvasi(바이오시밀러 Avastin), Kanjinti(바이오시밀러 Herceptin) 및 Amgevita(바이오시밀러 Humira)가 포함됩니다.",헬스케어,생명과학/공학,US,(805)447-1000,https://www.amgen.com
0,AMZN,https://file.alphasquare.co.kr/media/images/stock_logo/us/AMZN.png,아마존닷컴,"Amazon은 2021년 순매출액이 3,860억 달러, 물리적/디지털 온라인 총 상품 규모가 약 5,780억 달러로 추정되는 선도적인 온라인 소매업체이자 가장 높은 수익을 올리는 전자상거래 통합업체 중 하나입니다. 소매 관련 매출은 전체 매출의 약 80%를 차지하며 Amazon Web Services의 클라우드 컴퓨팅, 스토리지, 데이터베이스 및 기타 제품(10%-15%), 광고 서비스(5%) 등이 그 뒤를 잇습니다. 독일, 영국 및 일본이 이끄는 Amazon의 비 AWS 매출의 25%-30%를 국제 부문이 구성합니다.",소매,인터넷/카탈로그소매,US,(206) 266-1000,https://www.amazon.com
0,ANSS,https://file.alphasquare.co.kr/media/images/stock_logo/us/ANSS.jpeg,앤시스,"Ansys는 구조, 유체, 반도체 전력, 임베디드 소프트웨어, 광학 및 전자기 속성에 대한 시뮬레이션 기능을 제공하는 엔지니어링 소프트웨어 회사입니다. Ansys는 4,000명 이상의 직원을 고용하고 항공우주 방위 및 자동차 분야의 고객을 포함하여 전 세계적으로 50,000명 이상의 고객에게 서비스를 제공합니다.",IT/ICT,소프트웨어,US,(844) 462-6797,https://www.ansys.com
0,APA,https://file.alphasquare.co.kr/media/images/stock_logo/us/APA.jpeg,APA (US),"휴스턴에 본사를 둔 APA는 독립적인 탐사 및 생산 회사입니다. 주로 미국, 이집트, 북해 및 수리남에서 운영됩니다. 2022년 말에 확인된 매장량은 총 8억 9천만 배럴의 석유 등가물이었고, 순생산량은 40만 boe/d였습니다(이 중 64%는 석유 및 천연 가스 액체였으며 나머지는 천연 가스였습니다).",에너지,가스,US,713.296.6000,https://www.apacorp.com
0,ARGX,https://file.alphasquare.co.kr/media/images/stock_logo/us/ARGX.png,아겐스 ADR,"argenx SE는 면역학 회사입니다. 중증 자가면역질환 및 암 치료를 위한 차별화된 항체 기반 치료제 파이프라인 개발 사업을 영위하고 있다. 이 그룹은 면역학 혁신 프로그램(IIP)을 통해 학계 연구자들과 협력했으며 면역학 혁신을 새로운 항체 기반 의약품 포트폴리오로 전환하는 것을 목표로 합니다. argenx는 미국, 일본 및 EU에서 신생아 Fc 수용체(FcRn) 차단제를 개발하여 상용화하고 있습니다. 제품 파이프라인에는 ARGX-117, ARGX-118, ARGX-115, ARGX-116 등과 같은 제품 후보가 포함됩니다.",,,US,,https://www.argenx.com
0,ASML,https://file.alphasquare.co.kr/media/images/stock_logo/us/ASML.png,ASML 홀딩 ADR,"1984년에 설립되어 네덜란드에 기반을 둔 ASML은 반도체 제조에 사용되는 포토리소그래피 시스템의 최고 공급업체입니다. 포토리소그래피는 광원을 사용하여 포토마스크의 회로 패턴을 반도체 웨이퍼에 노출시키는 공정입니다. 이 부문의 최신 기술 발전으로 칩 제조업체는 동일한 실리콘 영역에서 트랜지스터 수를 지속적으로 늘릴 수 있으며, 리소그래피는 역사적으로 최첨단 칩 제조 비용의 의미 있는 부분을 차지했습니다. 칩 제조업체는 3나노미터 프로세스 노드를 계속 통과하려면 ASML의 차세대 EUV 리소그래피 도구가 필요합니다. ASML의 제품은 인텔, 삼성, TSMC 등 주요 반도체 제조사에서 사용되고 있다.",,,US,,https://www.asml.com
0,ATVI,https://file.alphasquare.co.kr/media/images/stock_logo/us/ATVI.png,액티비전 블리자드,"Activision Blizzard는 2008년 최대 콘솔 비디오 게임 퍼블리셔 중 하나인 Activision과 최대 PC 비디오 게임 퍼블리셔 중 하나인 Blizzard의 합병으로 설립되었습니다. 합병된 회사는 여전히 세계 최대의 비디오 게임 퍼블리셔 중 하나입니다. Activision의 인상적인 프랜차이즈 포트폴리오에는 평생 매출 80억 달러 이상을 자랑하는 World of Warcraft와 12년 동안 14개 타이틀에 걸쳐 1억 7,500만 장 이상 판매된 Call of Duty가 포함됩니다.",IT/ICT,소프트웨어,US,(310) 266-6025,https://www.activisionblizzard.com
0,AVGO,https://file.alphasquare.co.kr/media/images/stock_logo/us/AVGO.png,브로드컴,"Broadcom과 Avago의 통합 법인인 Broadcom은 다양한 최종 시장에서 매우 다양한 제품 포트폴리오를 자랑합니다. Avago는 주로 유선 인프라, 엔터프라이즈 스토리지 및 산업용 최종 시장을 위한 다양한 솔루션 외에도 Apple iPhone과 같은 고급형 스마트폰에 사용되는 무선 주파수 필터 및 증폭기에 중점을 두었습니다. Legacy Broadcom은 스위치 및 물리 계층 칩, 광대역 제품(텔레비전 셋톱 박스 프로세서 등), Wi-Fi 및 Bluetooth와 같은 표준을 처리하는 연결 칩과 같은 네트워킹 반도체를 대상으로 했습니다. 이 회사는 시만텍의 엔터프라이즈 보안 사업부인 Brocade, CA Technologies를 인수했으며 엔터프라이즈 소프트웨어 제품을 강화하기 위해 VMware를 인수하는 계약이 보류 중입니다.",하드웨어/IT장비,반도체/반도체장비,US,408-433-8000,https://www.broadcom.com
0,AXON,https://file.alphasquare.co.kr/media/images/stock_logo/us/AXON.jpeg,액손 엔터프라이스,"Axon Enterprise Inc는 법 집행 기관, 교정 기관, 군대, 개인 보안 요원 및 개인이 개인 방어를 위해 사용하도록 설계된 전도성 에너지 장치 및 클라우드 기반 디지털 증거 관리 소프트웨어를 개발, 제조 및 판매합니다. 이 회사는 Taser와 소프트웨어 및 센서의 두 부문으로 운영됩니다. Taser는 사용자 보호 및 가상 현실 훈련에 사용되는 CED를 개발 및 판매합니다. 소프트웨어 및 센서는 차체 카메라, 자동 번호판 판독, 디지털 증거 관리 시스템과 같은 완전히 통합된 하드웨어 및 클라우드 기반 소프트웨어 솔루션을 제조합니다. Axon은 전 세계에 제품을 제공하고 대부분의 수익을 미국에서 얻습니다.",기타,우주항공/국방,US,480-991-0797,https://investor.axon.com
0,AZN,https://file.alphasquare.co.kr/media/images/stock_logo/us/AZN.png,아스트라제네카 ADR,"1999년 스웨덴의 Astra와 영국의 Zeneca Group이 합병하여 AstraZeneca가 탄생했습니다. 이 회사는 위장, 당뇨병, 심혈관, 호흡기, 암, 면역학 및 희귀 질환을 포함한 여러 주요 치료 클래스에 걸쳐 브랜드 의약품을 판매합니다. 판매의 대부분은 미국이 판매의 1/3을 차지하는 국제 시장에서 발생합니다.",,,US,,https://www.astrazeneca.com
0,AZPN,https://file.alphasquare.co.kr/media/images/stock_logo/us/AZPN.png,애스펜 테크놀로지,"AspenTech는 자산 최적화 소프트웨어 분야의 글로벌 리더로서 자본 집약적 산업 분야의 고객이 수익성, 안전 및 지속 가능성 목표를 충족하도록 기능을 설계, 운영 및 유지할 수 있도록 지원합니다. AspenTech의 Heritage 사업부는 1981년에 설립되었으며 엔지니어링, 제조, 공급망 및 자산 관리 기능을 최적화하기 위한 소프트웨어 솔루션을 제공합니다. 2021년에 Emerson Electric은 60억 달러 이상의 현금과 Open Systems International Inc(OSI Inc 또는 디지털 그리드 관리, DGM) 및 지하 과학 및 엔지니어링(SSE) 비즈니스를 AspenTech 주식의 55%와 거래했습니다. 새로운 AspenTech는 Heritage Aspen, OSI 및 SSE의 조합으로 40개국에서 3,000명 이상의 고객에게 서비스를 제공합니다.",IT/ICT,IT서비스,US,781-221-6400,https://www.aspentech.com
0,BGNE,https://file.alphasquare.co.kr/media/images/stock_logo/us/BGNE.jpeg,베이진 ADR,"BeiGene Ltd는 상업 단계의 생명 공학 회사입니다. 암 치료를 위한 분자 표적 및 면역 종양 약물의 발견 및 개발에 종사하고 있습니다. 이 회사는 약물 발견 노력을 지원하기 위해 새로운 모델을 개발할 때 종양-면역 시스템 상호작용의 중요성과 1차 생검의 가치를 다루는 독점 암 생물학 플랫폼을 개발했습니다. 중요한 종양 표적인 Bruton's tyrosine kinase(BTK)를 억제하는 임상 단계 약물 후보를 개발했습니다. RAF 이합체 단백질 복합체 및 PARP 계열의 단백질, 면역 체크포인트 단백질 수용체 PD-1을 억제하는 면역항암제. 지리적 세그먼트는 중국, 미국 및 기타 국가입니다.",헬스케어,제약/건강기능식품,US,13459494123,https://www.beigene.com
0,BIDU,https://file.alphasquare.co.kr/media/images/stock_logo/us/BIDU.jpeg,바이두 ADR,"Baidu는 웹 분석 회사인 Statcounter에 따르면 2021년 9월 검색 엔진 시장의 84%를 차지하는 중국 최대의 인터넷 검색 엔진입니다. 이 회사는 2020년 검색 엔진에서 온라인 마케팅 서비스 수익의 62%를 창출했습니다. 검색 엔진 외에 Baidu는 기술 중심 회사이며 다른 주요 성장 이니셔티브는 인공 지능 클라우드, 비디오 스트리밍 서비스, 음성 인식 기술 및 자율 주행입니다.",,,US,,https://ir.baidu.com
0,BIIB,https://file.alphasquare.co.kr/media/images/stock_logo/us/BIIB.jpeg,바이오젠,"Biogen과 Idec은 2003년에 합병하여 Biogen의 다발성 경화증 치료제 Avonex와 Idec의 항암제 Rituxan을 판매하기 위해 힘을 합쳤습니다. 오늘날 Rituxan과 차세대 항체 Gazyva는 Roche와의 협력을 통해 시판되고 있습니다. Biogen은 또한 새로운 MS 약물 Plegridy, Tysabri, Tecfidera 및 Vumerity를 판매합니다. 일본에서 Biogen의 MS 포트폴리오는 Eisai가 공동 홍보합니다. 혈우병 치료제 Eloctate와 Alprolix(SOBI와 제휴)는 2017년 Biooverativ의 일부로 분사되었습니다. Biogen은 신경학 및 신경퇴행성 질환에 대한 3상 시험에서 여러 약물 후보를 보유하고 있으며 파트너 Ionis와 함께 Spinraza를 출시했습니다. Aduhelm은 2021년 6월 회사의 첫 번째 알츠하이머병 치료제로 승인되었으며, 2023년 1월 Leqembi에 이어 승인되었습니다.",헬스케어,생명과학/공학,US,(781) 464-2000,https://www.biogen.com
0,BKNG,https://file.alphasquare.co.kr/media/images/stock_logo/us/BKNG.jpeg,부킹 홀딩스,"Booking은 수익 기준으로 세계 최대의 온라인 여행사로서 호텔 및 대체 숙박 시설, 항공권, 렌터카, 레스토랑 예약, 크루즈, 체험 및 기타 휴가 패키지에 대한 예약 및 결제 서비스를 제공합니다. 이 회사는 Booking.com, Agoda, OpenTable 및 Rentalcars.com을 포함한 여러 브랜드 여행 예약 사이트를 운영하고 있으며 Kayak 및 Momondo를 인수하여 여행 미디어로 확장했습니다. 온라인 예약에 대한 거래 수수료는 수익과 이익의 대부분을 차지합니다.",운송,항공화물운송/물류,US,203-299-8000,https://www.bookingholdings.com
0,BKR,https://file.alphasquare.co.kr/media/images/stock_logo/us/BKR.jpeg,베이커 휴즈,"Baker Hughes는 유전 서비스 및 유전 장비 분야의 글로벌 리더로서 특히 인공 리프트, 특수 화학 제품 및 완제품 시장에서 강력한 입지를 확보하고 있습니다. 사업의 나머지 절반은 산업 발전, 공정 솔루션 및 산업 자산 관리에 중점을 두고 있으며, 특히 액화 천연 가스 시장과 광범위한 산업 최종 시장에 대한 노출도가 높습니다.",에너지,석유/석유화학,US,713-439-8600,https://www.bakerhughes.com
0,BMRN,,바이오마린 파마슈티컬,"BioMarin의 초점은 희귀 질환 치료법에 있습니다. Genzyme(현재 Sanofi의 일부)은 BioMarin과의 합작 투자를 통해 Aldurazyme을 판매하고 BioMarin은 Naglazyme, Vimizim 및 Brineura를 독립적으로 판매합니다. BioMarin은 또한 희귀 대사 장애 PKU를 치료하기 위해 Kuvan 및 Palynziq을 판매합니다(오랜 미국 권리 외에도 BioMarin은 Merck KGaA로부터 Kuvan 및 Palynziq에 대한 국제 권리를 다시 획득했습니다). Voxzogo(vosoritide)는 연골 무형성증에서 2021년에 승인되었습니다. 바이오마린의 록타비안(혈우병 A 유전자 치료제)은 2022년 유럽에서 승인됐으며 2023년 미국 승인을 앞두고 있다.",헬스케어,제약/건강기능식품,US,(415) 506-6700,http://www.bmrn.com
0,BNTX,https://file.alphasquare.co.kr/media/images/stock_logo/us/BNTX.jpeg,바이오엔테크 ADR,"BioNTech는 독일에 기반을 둔 생명 공학 회사로 개별 면역 요법을 비롯한 암 치료제 개발과 COVID-19를 포함한 전염병 백신 개발에 주력하고 있습니다. 이 회사의 종양학 파이프라인에는 항원, 신생항원, 사이토카인 및 항체를 암호화하는 mRNA 기반 약물을 포함하여 여러 종류의 약물이 포함되어 있습니다. 세포치료제; 이중특이성 항체; 및 소분자 면역조절제. BioNTech는 Roche, Eli Lilly, Pfizer, Sanofi 및 Genmab을 포함한 여러 대형 제약 회사와 파트너 관계를 맺고 있습니다. 코미나티(COVID-19 백신)는 첫 상용화 제품이다.",,,US,,https://www.biontech.de
0,BRKR,https://file.alphasquare.co.kr/media/images/stock_logo/us/BRKR.jpeg,브루커,"Bruker Corp는 생명 과학, 제약 및 생명 공학 산업의 고객을 위한 과학 기기 및 진단 테스트를 제조합니다. Bruker Scientific Instruments(BSI) BioSpin, BSI CALID, BSI Nano 및 Bruker Energy and Supercon Technologies(BEST)의 네 가지 운영 부문에서 운영됩니다. 회사는 BSI CALID 부문에서 최대 수익을 창출합니다. 지리적으로 유럽에서 수익의 대부분을 얻습니다.",헬스케어,의료장비/용품,US,978663-3660,https://www.bruker.com
0,BSY,https://file.alphasquare.co.kr/media/images/stock_logo/us/BSY.jpeg,벤틀리 시스템즈,"Bentley Systems Inc는 인프라 설계, 건설 및 운영을 위해 엔지니어, 건축가, 지리 공간 전문가, 시공자 및 자영업자에게 소프트웨어 솔루션을 제공하는 업체입니다. 이 소프트웨어는 데스크톱, 온프레미스 서버, 클라우드 네이티브 서비스, 모바일 장치 및 웹 브라우저를 포함하여 엔지니어링 분야, 분산된 프로젝트 팀, 사무실에서 현장, 컴퓨팅 폼 팩터 전반에 걸쳐 디지털 워크플로를 지원합니다. 솔루션은 온프레미스, 클라우드 및 하이브리드 환경을 통해 제공됩니다. 지리적 세그먼트는 아메리카입니다. 유럽, 중동 및 아프리카; 및 아시아 태평양.",IT/ICT,소프트웨어,US,,https://www.bentley.com
0,CCEP,https://file.alphasquare.co.kr/media/images/stock_logo/us/CCEP.jpeg,코카-콜라 유로퍼시픽 파트너스,"Coca-Cola Europacific Partners PLC는 유럽에서 Coca-Cola 브랜드로 무알코올 즉석 음료 제품을 판매하는 보틀링 회사입니다. 회사는 하나의 부문을 통해 운영됩니다. 주요 라이선서인 Coca-Cola Co.로부터 농축액과 시럽을 구매한 다음 음료를 생산, 포장 및 소매점에 배포합니다. 현재 라이센스를 통해 회사는 이베리아, 벨기에, 프랑스 대륙, 영국, 룩셈부르크, 모나코, 네덜란드, 노르웨이, 아이슬란드, 독일 및 스웨덴과 같은 특정 지역 내에서 코카콜라 제품을 독점적으로 마케팅, 생산 및 유통할 수 있습니다. 이베리아, 영국, 독일 및 프랑스에서의 음료 판매는 회사의 총 판매량 및 수익의 대부분을 차지합니다.",,,US,,https://www.cocacolaep.com
0,CDNS,https://file.alphasquare.co.kr/media/images/stock_logo/us/CDNS.png,케이던스 디자인 시스템,"Cadence Design Systems는 전자 설계 자동화 소프트웨어, 지적 재산, 시스템 설계 및 분석 제품을 제공하는 업체입니다. EDA 소프트웨어는 칩 설계 프로세스를 자동화하여 전체 흐름의 종단 간 솔루션에서 설계 정확도, 생산성 및 복잡성을 향상시킵니다. Cadence는 설계 IP 포트폴리오와 시스템 수준 분석 및 검증 솔루션을 지원하는 시스템 설계 및 분석 제품을 제공합니다. Cadence의 포괄적인 포트폴리오는 업스택에서 시스템과 같은 회사로 이동하는 반도체 회사와 다운스택에서 사내 반도체 설계로 이동하는 시스템 회사의 상호 수렴을 통해 이익을 얻고 있습니다. 결과적으로 다양한 최종 시장의 디지털화와 함께 EDA 고객의 확장은 Cadence와 같은 EDA 벤더에게 혜택을 줍니다.",IT/ICT,소프트웨어,US,(408) 943-1234,https://www.cadence.com
0,CDW,https://file.alphasquare.co.kr/media/images/stock_logo/us/CDW.png,CDW,"CDW Corp는 미국(매출의 95%)과 캐나다(5%)에서 운영되는 부가가치 리셀러입니다. 이 회사는 노트북에서 데이터 센터 소프트웨어에 이르는 카드 라인에 100,000개 이상의 제품을 보유하고 있습니다. CDW 수익의 약 절반은 중소기업, 정부 기관, 교육 기관 및 의료 기관에서 나머지는 중간 규모 및 대기업에서 발생합니다.",소매,인터넷/카탈로그소매,US,847-465-6000,https://www.cdw.com
0,CEG,https://file.alphasquare.co.kr/media/images/stock_logo/us/CEGVV.jpeg,콘스텔레이션 에너지,"Constellation Energy Corp는 에너지 솔루션을 제공합니다. 가정, 기업, 공공 부문, 지역 사회 집합체 및 다양한 도매 고객(예: 지자체, 협동 조합 및 기타 전략)에 청정 에너지 및 지속 가능한 솔루션을 제공합니다. 이 회사는 모든 규모의 회사를 위해 전기, 천연 가스 및 재생 에너지 제품에 대한 포괄적인 에너지 솔루션과 다양한 가격 옵션을 제공합니다.",에너지,전기,US,833-883-0162,https://www.constellation.com
0,CG,https://file.alphasquare.co.kr/media/images/stock_logo/us/CG.png,칼라일 그룹,"Carlyle Group은 2022년 말 수수료 수익 AUM 2,666억 달러를 포함하여 관리 중인 총 자산 3,727억 달러를 보유한 세계 최대의 대체 자산 운용사 중 하나입니다. 이 회사는 3개의 핵심 사업 부문을 가지고 있습니다: 사모 펀드, 부동산, 인프라 및 천연 자원 펀드를 포함하는 사모 펀드(2022년 수수료 수익 AUM의 40% 및 기본 관리 수수료의 65%를 차지), 글로벌 신용(45 % 및 25%) 및 투자 솔루션(15% 및 10%). 이 회사는 주로 기관 투자자와 고액 자산가 개인에게 서비스를 제공합니다. Carlyle은 5개 대륙에 걸쳐 29개 사무소를 통해 운영되며 95개국에서 약 2,700명의 액티브 캐리 펀드 투자자에게 서비스를 제공합니다.",금융,기타금융,US,202 729 5626,https://www.carlyle.com
0,CHKP,https://file.alphasquare.co.kr/media/images/stock_logo/us/CHKP.jpeg,체크 포인트 소프트웨어 테크놀로지,"Check Point Software Technologies는 순수한 사이버 보안 공급업체입니다. 이 회사는 보안 관리 외에도 네트워크, 엔드포인트, 클라우드 및 모바일 보안을 위한 솔루션을 제공합니다. 소프트웨어 전문업체인 Check Point는 기업, 비즈니스 및 소비자에게 제품을 판매합니다. 2020년 말 기준 매출의 45%는 미주, 43%는 유럽, 12%는 아시아 태평양, 중동 및 아프리카에서 발생했습니다. 이스라엘 텔아비브에 본사를 둔 이 회사는 1993년에 설립되었으며 직원 수는 약 5,000명입니다.",,,US,,https://www.checkpoint.com
0,CHRW,https://file.alphasquare.co.kr/media/images/stock_logo/us/CHRW.jpeg,CH 로빈슨 월드와이드,"C.H. Robinson은 국내 화물 중개(2022년 순수익의 약 60%)에 중점을 둔 최상위 비자산 기반 제3자 물류 제공업체로, 대부분 트럭 중개뿐만 아니라 철도 복합운송도 반영합니다. 또한 이 회사는 대규모 항공 및 해상 포워딩 사업부(30%)를 운영하고 있으며, 이는 수년에 걸쳐 유기적으로 그리고 턱인 인수를 통해 성장했습니다. 나머지 수익은 유럽 트럭 중개 부문, 운송 관리 서비스 및 기존 생산 소싱 작업으로 구성됩니다.",운송,운송인프라,US,(952) 937-8500,https://www.chrobinson.com
0,CHTR,https://file.alphasquare.co.kr/media/images/stock_logo/us/CHTR.png,차터 커뮤니케이션,"Charter는 Legacy Charter, Time Warner Cable 및 Bright House Networks의 2016년 합병의 산물입니다. 이 회사는 현재 미국의 약 40%에 해당하는 약 5,600만 가정과 기업에 텔레비전, 인터넷 액세스 및 전화 서비스를 제공할 수 있는 네트워크를 보유하고 있습니다. 이 공간 전체에서 Charter는 Spectrum 브랜드로 3천만 개의 주거용 및 2백만 개의 상업용 고객 계정에 서비스를 제공하여 Comcast에 이어 미국에서 두 번째로 큰 케이블 회사가 되었습니다. 또한 이 회사는 Spectrum SportsNet(로스앤젤레스 레이커스 경기에 대한 장기 현지 권리), SportsNet LA(로스앤젤레스 다저스), SportsNet New York(뉴욕 메츠), 스펙트럼 뉴스 NY1.",미디어,엔터테인먼트,US,203-905-7800,https://corporate.charter.com
0,CINF,https://file.alphasquare.co.kr/media/images/stock_logo/us/CINF.png,신시내티 파이낸셜,"Cincinnati Financial Corp는 서면 보험료를 통해 수입을 창출하는 재산 및 상해 보험 회사입니다. 엄선된 독립 에이전시 그룹이 지역 사회 내에서 회사의 비즈니스, 주택 및 자동차 보험을 적극적으로 판매합니다. 이 에이전트는 회사의 개인 회선뿐만 아니라 미국의 여러 지역에서 표준 시장, 초과 및 잉여 상업 회선 정책을 제공합니다. Cincinnati Financial은 임대 및 금융 서비스도 제공합니다. 이 회사는 다음과 같은 부문에서 운영됩니다: 상업 라인 보험, 개인 라인 보험, 초과 및 잉여 라인 보험, 생명 보험 및 투자. 회사 수익의 대부분은 상업 라인을 통해 발생하며 그 다음이 개인 라인입니다.",금융,보험,US,(513) 870-2000,https://www.cinfin.com
0,CMCSA,https://file.alphasquare.co.kr/media/images/stock_logo/us/CMCSA.png,컴캐스트,"Comcast는 세 부분으로 구성됩니다. 핵심 케이블 비즈니스는 미국의 거의 절반에 해당하는 약 6,100만 개의 미국 가정과 기업에 텔레비전, 인터넷 액세스 및 전화 서비스를 제공할 수 있는 네트워크를 소유하고 있습니다. 이 지역에 있는 가정의 약 55%가 적어도 하나의 Comcast 서비스에 가입되어 있습니다. Comcast는 2011년 General Electric으로부터 NBC유니버설을 인수했습니다. NBCU는 CNBC, MSNBC 및 USA, NBC 방송 네트워크, 여러 지역 NBC 계열사, Universal Studios 및 여러 테마파크를 포함한 여러 케이블 네트워크를 소유하고 있습니다. 2018년에 인수된 Sky는 영국의 지배적인 텔레비전 제공업체이며 이러한 위치를 구축하기 위해 독점적이고 독점적인 콘텐츠에 막대한 투자를 했습니다. Sky는 또한 이탈리아에서 가장 큰 유료 TV 제공업체이며 독일과 오스트리아에 지사를 두고 있습니다.",미디어,엔터테인먼트,US,215-286-1700,https://www.comcastcorporation.com
0,CME,https://file.alphasquare.co.kr/media/images/stock_logo/us/CME.png,CME 그룹,"시카고에 기반을 둔 CME 그룹은 투자자, 공급업체 및 기업이 금리, 주가 지수, 외화, 에너지, 금속 및 원자재를 기반으로 하는 선물 및 파생 상품을 거래할 수 있는 거래소를 운영합니다. CME는 1898년에 설립되어 2002년에 기업 공개를 완료했습니다. 그 이후로 CME 그룹은 2008년 Nymex Holdings와 2018년 NEX를 인수하기 전에 2007년 도시 간 경쟁업체인 CBOT Holdings와 합병하여 업계의 일부를 통합했습니다. 또한 회사는 S&P Dow Jones Indices의 지분 27%를 보유하고 있어 Chicago Mercantile Exchange를 S&P 선물 계약을 거래하고 청산할 수 있는 독점적인 장소로 만듭니다. 2018년 CME의 NEX 인수를 통해 현금 외환, 고정 수입 거래 및 담보 최적화로 확장했습니다.",금융,증권,US,(312) 930-1000,https://www.cmegroup.com
0,COIN,https://file.alphasquare.co.kr/media/images/stock_logo/us/COIN.png,코인베이스 글로벌,"2012년에 설립된 Coinbase는 미국 최고의 암호화폐 거래소 플랫폼입니다. 회사는 개인 투자자와 기관이 암호 화폐 경제에 진입하는 안전하고 규정을 준수하는 지점이 되고자 합니다. 사용자는 중개자를 사용하는 대신 회사와 직접 계정을 설정할 수 있으며, 많은 사람들이 Coinbase가 암호화폐 관리인 역할을 하도록 선택하여 회사에 기존 금융 교환 이상의 폭을 제공합니다. 회사는 여전히 소매 고객에게 부과되는 거래 수수료에서 대부분의 수익을 창출하지만 Coinbase는 내부 투자 및 인수를 사용하여 주요 중개, 데이터 분석 및 담보 대출과 같은 인접 비즈니스로 확장합니다.",금융,기타금융,US,(302) 777-0200,https://www.coinbase.com
0,COST,https://file.alphasquare.co.kr/media/images/stock_logo/us/COST.png,코스트코 홀세일,"최고의 창고 클럽인 코스트코는 전 세계적으로 838개의 매장을 보유하고 있으며(2022 회계연도 말 기준) 미국(73%)과 캐나다(14%)에서 가장 많은 매출이 발생했습니다. 고객이 창고에서 쇼핑할 수 있는 멤버십을 판매하며 제한된 제품 구색에 저렴한 가격을 제공합니다. Costco는 주로 개인 쇼핑객을 대상으로 하지만 유료 회원의 거의 20%가 기업 회원을 보유하고 있습니다. 식품 및 잡화는 2022 회계연도 매출의 거의 39%를 차지했으며, 비식품 상품은 27%, 창고 보조 및 기타 사업(예: 연료 및 약국) 21%, 신선식품은 13%를 차지했습니다. Costco의 창고는 평균 약 146,000평방피트입니다. 위치의 75% 이상이 연료를 제공합니다. 코스트코 글로벌 매출의 약 7%는 전자상거래에서 발생합니다(당일 식료품 및 기타 다양한 서비스 제외).",소매,판매업체,US,(425) 313-8100,https://www.costco.com
0,CPRT,https://file.alphasquare.co.kr/media/images/stock_logo/us/CPRT.svg,코파트,"Copart Inc는 주로 보험 회사, 자동차 대리점, 차량 운영업체 및 차량 렌탈 회사를 대상으로 하는 온라인 경매 및 차량 리마케팅 서비스 제공업체입니다. Copart의 서비스를 통해 판매되는 대부분의 차량은 손상되거나 회수된 도난 차량입니다. Copart는 주로 차량 해체업자, 재건업자, 중고차 수입 및 수출업자 및 일반 대중에게 판매합니다. 회사는 차량 판매자와 구매자가 지불한 수수료 및/또는 자체 계정으로 차량을 구매 및 재판매하여 수익을 창출합니다. 주요 시장으로는 북미와 영국 제도가 있습니다.",소매,판매업체,US,972-391-5000,https://www.copart.com
0,CRWD,https://file.alphasquare.co.kr/media/images/stock_logo/us/CRWD.jpeg,크라우드 스트라이크 홀딩스,CrowdStrike는 차세대 엔드포인트 및 클라우드 워크로드 보호를 전문으로 하는 클라우드 기반 사이버 보안 회사입니다. CrowdStrike의 주요 제품은 기업이 IT 인프라를 공격하는 보안 위협을 감지하고 대응할 수 있는 단일 창을 제공하는 Falcon 플랫폼입니다. 텍사스에 기반을 둔 이 회사는 2011년에 설립되어 2019년에 상장되었습니다.,IT/ICT,소프트웨어,US,888-512-8906,https://www.crowdstrike.com
0,CSCO,https://file.alphasquare.co.kr/media/images/stock_logo/us/CSCO.png,시스코 시스템즈,"Cisco Systems는 세계에서 가장 큰 네트워킹 장비 제공업체이자 세계에서 가장 큰 소프트웨어 회사 중 하나입니다. 가장 큰 기업은 네트워킹 하드웨어 및 소프트웨어(주요 시장 점유율이 있는 경우)와 방화벽과 같은 사이버 보안 소프트웨어를 판매하고 있습니다. 또한 Webex 제품군과 같은 협업 제품과 관찰 가능성 도구도 있습니다. 주로 제3자에게 제조를 아웃소싱하고 90개국에 걸쳐 25,000명에 달하는 대규모 영업 및 마케팅 직원을 보유하고 있습니다. 전반적으로 Cisco는 80,000명의 직원을 고용하고 전 세계적으로 제품을 판매합니다.",하드웨어/IT장비,전자장비/기기,US,(408) 526-4000,https://www.cisco.com
0,CSGP,https://file.alphasquare.co.kr/media/images/stock_logo/us/CSGP.jpeg,코스타 그룹,"CoStar Group은 상업용 부동산 데이터 및 마켓플레이스 리스팅 플랫폼의 선도적인 제공업체입니다. 제공되는 데이터에는 사무실, 소매, 다세대 주택, 의료, 산업, 셀프 스토리지 및 데이터 센터를 포함한 다양한 하위 부문과 관련된 500만 개 이상의 상업용 부동산에 대한 심층 분석 정보가 포함되어 있습니다. CoStar Suite, LoopNet, Apartments.com, BizBuySell 및 LandsofAmerica와 같은 많은 플래그십 브랜드를 운영하고 있으며 수익의 75% 이상이 구독 기반으로 분류됩니다. 이 회사는 최근 캐나다, 영국, 스페인, 프랑스에서도 사업을 확장했습니다.",기타,기타,US,(202) 346-6500,https://www.costar.com
0,CSX,https://file.alphasquare.co.kr/media/images/stock_logo/us/CSX.jpeg,CSX,"미국 동부에서 운영되는 Class I 철도 CSX는 2022년에 약 148억 달러의 수익을 창출했습니다. 21,000마일이 넘는 트랙에서 CSX는 석탄(연결 매출의 16%), 화학(17%), 복합운송 컨테이너(16%), 자동차 화물(7%) 및 기타 벌크 및 산업 상품.",운송,육상여객운송,US,(904) 359-3200,https://www.csx.com
0,CTAS,https://file.alphasquare.co.kr/media/images/stock_logo/us/CTAS.jpeg,신타스,"핵심 유니폼 및 시설 서비스 사업부(매출의 78%)에서 Cintas는 대부분 북미 지역에서 다양한 규모의 비즈니스에 균일한 임대 프로그램을 제공합니다. 이 회사는 업계에서 가장 큰 공급자입니다. 시설 상품은 일반적으로 입구 매트, 대걸레, 상점 수건, 손 소독제 및 화장실 용품의 대여 및 판매를 포함합니다. Cintas는 또한 응급처치 및 안전 서비스 사업(매출의 11%), 소방 서비스 사업(매출의 7%), 유니폼 직판 사업(매출의 4%)을 운영하고 있습니다.",생활용품/잡화,의류/패션잡화,US,(513) 459-1200,https://www.cintas.com
0,CTSH,https://file.alphasquare.co.kr/media/images/stock_logo/us/CTSH.png,코그니전트 테크놀로지 솔루션,"Cognizant는 글로벌 IT 서비스 제공업체로서 금융 서비스, 미디어 및 통신, 의료, 천연 자원 및 소비재 산업을 망라하는 일부 세계 최대 기업에 컨설팅 및 아웃소싱 서비스를 제공합니다. Cognizant는 전 세계적으로 거의 300,000명의 직원을 고용하고 있으며 그 중 약 70%는 인도에 있지만 본사는 뉴저지 주 티넥에 있습니다.",IT/ICT,IT서비스,US,(201) 801-0233,https://www.cognizant.com
0,DDOG,https://file.alphasquare.co.kr/media/images/stock_logo/us/DDOG.jpeg,데이터도그,Datadog은 머신 데이터 분석에 중점을 둔 클라우드 네이티브 회사입니다. SaaS(software-as-a-service)로 제공되는 회사의 제품 포트폴리오를 통해 클라이언트는 전체 IT 인프라를 모니터링하고 분석할 수 있습니다. Datadog의 플랫폼은 기계에서 생성된 대량의 데이터를 실시간으로 수집 및 분석할 수 있으므로 클라이언트는 비즈니스 전반에 걸쳐 다양한 애플리케이션에 데이터를 활용할 수 있습니다.,IT/ICT,소프트웨어,US,866-329-4466,https://www.datadog.com
0,DLTR,https://file.alphasquare.co.kr/media/images/stock_logo/us/DLTR.svg,달러 트리,"Dollar Tree는 미국과 캐나다에서 할인점을 운영하고 있으며, 그 이름을 딴 8,647개의 매장과 8,016개의 Family Dollar 단위(2021 회계연도 말 기준)를 포함합니다. 시조 체인은 브랜드 및 자체 라벨 상품을 특징으로 하며 대부분의 품목 가격은 $1.25입니다. Dollar Tree 매장의 2021 회계연도 매출의 약 45%는 소모품(식품, 건강 및 미용, 가정용 종이 및 청소 제품 포함), 거의 50%는 다양한 품목(장난감 및 가정용품 포함), 5%는 계절 상품에서 발생했습니다. 상품. Family Dollar는 일반적으로 1달러에서 10달러 범위의 브랜드 및 자가 상표 상품을 제공하며, 2021 회계연도 매출의 76% 이상은 소모품, 9%는 계절/전자 품목(선불 전화기 및 장난감 포함), 8%는 가정 제품, 의류 및 액세서리는 6%입니다.",소매,판매업체,US,(757) 321-5000,https://www.dollartree.com
0,DOCU,https://file.alphasquare.co.kr/media/images/stock_logo/us/DOCU.png,도큐사인,DocuSign은 사용자가 계약 프로세스를 자동화하고 거의 모든 장치에서 법적 구속력이 있는 전자 서명을 제공할 수 있는 광범위한 클라우드 기반 소프트웨어 제품군인 Agreement Cloud를 제공합니다. 회사는 2003년에 설립되어 2018년 5월 IPO를 완료했습니다.,IT/ICT,소프트웨어,US,415-489-4940,https://www.docusign.com
0,DOX,https://file.alphasquare.co.kr/media/images/stock_logo/us/DOX.png,암독스,"Amdocs Ltd는 통신, 케이블 및 위성, 엔터테인먼트, 미디어 산업 서비스 제공업체에 소프트웨어 및 서비스를 제공하는 업체입니다. 개방형 모듈식 클라우드 제품을 설계, 개발, 마케팅, 지원, 구현 및 운영하는 유일한 부문입니다. 회사는 비즈니스 지원 시스템, 운영 지원 시스템 및 관리 서비스를 제공합니다. Amdocs는 또한 모바일 금융 서비스와 광고 및 미디어 솔루션을 위한 소프트웨어를 개발합니다. 지리적으로 북미에서 대부분의 수익을 창출하며 유럽과 기타 국가에서도 입지를 다지고 있습니다.",,,US,,https://www.amdocs.com
0,DXCM,https://file.alphasquare.co.kr/media/images/stock_logo/us/DXCM.png,덱스컴,Dexcom은 당뇨병 환자를 위한 지속적인 포도당 모니터링 시스템을 설계하고 상용화합니다. CGM 시스템은 전통적인 혈당 측정기 프로세스의 대안으로 사용되며 회사는 Insulet 및 Tandem의 인슐린 펌프와의 통합을 제공하기 위해 CGM 시스템을 발전시키고 있습니다.,헬스케어,의료장비/용품,US,(858) 200-0200,https://www.dexcom.com
0,EA,https://file.alphasquare.co.kr/media/images/stock_logo/us/EA.jpeg,일렉트로닉 아츠,"EA는 세계 최대의 제3자 비디오 게임 퍼블리셔 중 하나이며 콘솔 기반 비디오 게임 퍼블리셔에서 콘솔, PC 및 모바일에서 가장 큰 퍼블리셔 중 하나로 전환했습니다. 이 회사는 Madden, FIFA, Battlefield, Apex Legends, Mass Effect, Dragon's Age, Need for Speed를 포함한 다수의 대형 프랜차이즈를 소유하고 있습니다.",IT/ICT,소프트웨어,US,650-628-1500,https://www.ea.com
0,EBAY,https://file.alphasquare.co.kr/media/images/stock_logo/us/EBAY.png,이베이,"eBay는 세계에서 가장 큰 전자상거래 시장 중 하나를 운영하고 있으며, 2022년 총 거래량(GMV)이 740억 달러로 세계 10대 전자상거래 회사가 되었습니다. eBay는 2022년 말까지 거의 190개 글로벌 시장에서 1억 3,200만 명 이상의 구매자와 약 2,000만 명의 판매자를 연결하는 플랫폼을 통해 상장 수수료, 광고, 서비스 제공업체와의 수익 공유 계약, 관리형 결제를 통해 수익을 창출합니다. eBay는 국제 시장에서 GMV의 50% 바로 북쪽에서 발생하며 영국, 독일 및 호주에서 큰 입지를 확보하고 있습니다.",기타,기타,US,408-376-7400,https://www.ebay.com
0,ENPH,https://file.alphasquare.co.kr/media/images/stock_logo/us/ENPH.jpeg,인페이즈 에너지,"Enphase Energy는 글로벌 에너지 기술 회사입니다. 이 회사는 하나의 플랫폼에서 태양열 발전, 저장 및 통신을 관리하는 스마트하고 사용하기 쉬운 솔루션을 제공합니다. 이 회사의 마이크로 인버터 기술은 주로 옥상 태양열 시장에 서비스를 제공하고 완전히 통합된 태양광 플러스 스토리지 솔루션을 생산합니다. 지리적으로 미국에서 수익의 대부분을 얻습니다.",하드웨어/IT장비,반도체/반도체장비,US,(707) 763-4784,https://www.enphase.com
0,ENTG,https://file.alphasquare.co.kr/media/images/stock_logo/us/ENTG.jpeg,인테그리스,"Entegris Inc는 반도체 및 기타 첨단 기술 산업을 위한 첨단 재료 및 프로세스 솔루션 공급업체입니다. 회사의 보고 대상 부문에는 SCEM(Specialty Chemicals & Engineered Materials), MC(Microcontamination Control) 및 AMH(Advanced Materials Handling)가 포함됩니다. SCEM 부문은 고성능 및 고순도 공정 화학, 가스 및 재료, 안전하고 효율적인 전달 시스템을 제공합니다. 미세 오염 제어(MC) 부문에는 반도체 제조 공정 및 기타 첨단 기술 산업에서 사용되는 중요한 액체 화학 물질 및 공정 가스를 정화하는 솔루션이 포함됩니다. 지리적 세그먼트는 대만, 북미, 한국, 일본, 중국, 유럽 및 남동부입니다.",소재,화학,US,(978) 436-6500,https://www.entegris.com
0,EQIX,https://file.alphasquare.co.kr/media/images/stock_logo/us/EQIX.jpeg,이퀴닉스,"Equinix는 전 세계 71개 시장에서 248개의 데이터 센터를 운영합니다. 미주에서 총 수익의 46%, 유럽, 중동 및 아프리카에서 32%, 아시아 태평양에서 22%를 창출합니다. 이 회사는 2,100개의 네트워크 공급자를 포함하여 10,000개 이상의 고객을 보유하고 있으며 이들은 클라우드 및 IT 서비스, 콘텐츠 공급자, 네트워크 및 모바일 서비스, 금융 서비스 및 엔터프라이즈의 5가지 수직 분야에 분산되어 있습니다. Equinix 매출의 약 70%는 임차인에게 공간을 임대하고 관련 서비스에서 발생하며 15% 이상은 상호 연결에서 발생합니다. Equinix는 부동산 투자 신탁으로 운영됩니다.",금융,부동산,US,(650) 598-6000,https://www.equinix.com
0,ERIC,https://file.alphasquare.co.kr/media/images/stock_logo/us/ERIC.jpeg,텔레폰악티에볼라예트 에릭슨 ADR,"Telefonaktiebolaget LM Ericsson은 주로 모바일 네트워크를 구축하고 촉진하는 데 사용되는 통신 장비 및 서비스를 제공합니다. 그 고객은 역사적으로 주로 무선 통신사였지만 회사는 5G 기능과 다른 ""as-a-service"" 통신 플랫폼을 활용하려고 하는 다른 기업들에게도 더 많은 것을 제공하기 위해 노력하고 있습니다. 이 회사는 또한 핸드셋 제조업체에 특허권을 부여하여 해당 장치가 무선 네트워크와 호환되도록 합니다. Ericsson의 세 가지 주요 운영 부문은 네트워크, 클라우드 및 소프트웨어 서비스, 엔터프라이즈입니다.",,,US,,https://www.ericsson.com
0,ERIE,https://file.alphasquare.co.kr/media/images/stock_logo/us/ERIE.jpeg,이리 인뎀니티,"Erie Indemnity Co는 주로 Erie Insurance Exchange를 대신하여 판매, 인수 및 증권 발행과 관련된 서비스를 수행합니다. Erie Indemnity의 결과는 주로 개인을 위한 자동차 및 주택 소유자 보험과 상업 고객을 위한 다중 위험, 근로자 보상 및 상업 자동차 보험을 제공하는 보험 거래소의 성과와 관련이 있습니다. Erie Indemnity의 관리 수수료는 일반적으로 Exchange 보험료의 25%이며 이는 Erie Indemnity의 모든 수익을 설명합니다. 이 회사는 미국에서만 독점적으로 운영됩니다.",금융,보험,US,(814) 870-2000,https://www.erieinsurance.com
0,ETSY,https://file.alphasquare.co.kr/media/images/stock_logo/us/ETSY.png,엣시,"Etsy는 미국과 영국에서 상위 10위 전자상거래 시장 운영자를 운영하고 있으며 독일, 프랑스, 호주 및 캐나다에서 상당한 규모의 사업을 운영하고 있습니다. 이 회사는 온라인 시장을 통해 구매자와 판매자를 연결하여 빈티지 및 공예품을 교환하는 흥미로운 틈새 시장을 지배하고 있습니다. 2022년 통합 총 상품 규모가 133억 달러에 달하는 이 회사는 빠르게 성장하는 공간에서 가장 큰 기업 중 하나로 자리 잡았으며 상장 수수료, 판매 품목에 대한 수수료, 광고 서비스, 결제 처리 및 배송 라벨에서 수익을 창출했습니다. 2022년 말 기준으로 이 회사는 Etsy, Reverb(음악 장비), Elo7(브라질 공예품), Depop(의류 재판매) 등의 마켓플레이스 자산에서 9,500만 명 이상의 구매자와 750만 명 이상의 판매자를 연결했습니다.",기타,기타,US,(718) 880-3660,https://www.etsy.com
0,EVRG,https://file.alphasquare.co.kr/media/images/stock_logo/us/EVRG.jpeg,에버지,"Evergy는 캔자스 동부와 미주리 서부에 서비스를 제공하는 규제 전기 유틸리티입니다. 주요 운영 자회사로는 Evergy Metro, Evergy Kansas Central, Evergy Missouri West 및 Evergy Transmission Co.가 있습니다. 이 유틸리티는 약 160억 달러의 요율 기준을 합산하여 약 절반이 Kansas에 있고 나머지는 Missouri와 연방 관할권 사이에 분할되어 있습니다. Evergy는 미국에서 가장 큰 풍력 에너지 공급업체 중 하나입니다.",에너지,전기,US,(816) 556-2200,https://investors.evergy.com
0,EXAS,https://file.alphasquare.co.kr/media/images/stock_logo/us/EXAS.jpeg,이그젝트 사이언시스,"Exact Sciences Corporation은 위스콘신주 매디슨에 본사를 두고 있으며 미국 및 국제적으로 암 검진 및 진단 테스트 제품을 제공합니다. 비침습적 대변 기반 DNA 검사인 Exact의 Cologuard 선별 검사는 대장암에 대한 전암 선별 검사입니다. 또한 유방암, 전립선암, 대장암에 대한 유전자 기반 치료제 선택 검사인 Oncotype DX로 정밀 종양학 시장에서 경쟁하고 있습니다. Base Genomics 및 Thrive Early Detection 인수를 통해 Exact는 14개 이상의 암을 감지하기 위한 다중 암 조기 선별 테스트를 구축하고 있으며, 이 테스트는 다중 암 액체 생검 암 선별 검사에서 가장 초기에 진입한 테스트 중 하나가 될 것입니다.",헬스케어,의료장비/용품,US,608-284-5700,https://www.exactsciences.com
0,EXC,https://file.alphasquare.co.kr/media/images/stock_logo/us/EXC.jpeg,엑셀론,"Exelon은 일리노이, 펜실베이니아, 메릴랜드, 뉴저지, 델라웨어 및 워싱턴 D.C.에 있는 6개의 규제 대상 유틸리티에서 약 1천만 명의 전력 및 가스 고객에게 서비스를 제공합니다.",에너지,전기,US,(312) 394-7399,https://www.exeloncorp.com
0,EXPD,https://file.alphasquare.co.kr/media/images/stock_logo/us/EXPD.jpeg,익스페디터 인터내셔널 오브 워싱턴,"Expeditors International of Washington은 비자산 기반 제3자 물류 제공업체로 주로 국제 화물 운송에 중점을 둡니다. 정교한 IT 시스템을 사용하고 항공사 및 해운사와 계약하여 전 세계 고객의 화물을 운송합니다. 이 회사는 수많은 위성 위치 외에도 전 세계적으로 200개 이상의 풀 서비스 사무실 위치를 운영합니다. 2021년 Expeditors는 항공 화물에서 통합 순수익의 34%, 해상 화물에서 30%, 통관 중개 및 기타 서비스에서 36%를 창출했습니다.",운송,운송인프라,US,(206) 674-3400,https://www.expeditors.com
0,EXPE,https://file.alphasquare.co.kr/media/images/stock_logo/us/EXPE.png,익스피디아그룹,"Expedia는 숙박(2022년 전체 매출의 76%), 항공권(3%), 렌터카, 크루즈, 목적지 및 기타(14%) 및 광고 서비스를 제공하는 예약 부문에서 세계에서 두 번째로 큰 온라인 여행사입니다. 수익(7%). Expedia는 Expedia.com, Hotels.com, Travelocity, Orbitz, Wotif, AirAsia 및 Vrbo를 비롯한 여러 브랜드 여행 예약 사이트를 운영하고 있습니다. 트리바고 인수를 계기로 여행 매체로도 영역을 넓혔다. 온라인 예약 거래 수수료는 매출과 수익의 대부분을 차지합니다.",운송,항공화물운송/물류,US,(206) 481-7200,https://www.expediagroup.com
0,FANG,https://file.alphasquare.co.kr/media/images/stock_logo/us/FANG.png,다이아몬드백 에너지,"Diamondback Energy는 미국의 독립 석유 및 가스 생산업체입니다. 이 회사는 Permian Basin에서만 독점적으로 운영됩니다. 2022년 말에 회사는 석유 환산 20억 배럴의 순 확인 매장량을 보고했습니다. 순 생산량은 2022년 하루 평균 약 386,000배럴이며 석유 58%, 액체 천연 가스 21%, 천연 가스 21%의 비율입니다.",에너지,가스,US,405-463-6900,https://www.diamondbackenergy.com
0,FAST,https://file.alphasquare.co.kr/media/images/stock_logo/us/FAST.jpeg,패스널,"Fastenal은 1967년 미네소타 주 위노나에 첫 번째 패스너 매장을 열었습니다. 그 이후로 Fastenal은 제품 및 서비스뿐만 아니라 그 영역을 크게 확장했습니다. 현재 Fastenal은 약 1,600개의 지점, 1,600개 이상의 현장 위치 및 14개의 유통 센터를 통해 400,000명의 활성 고객에게 서비스를 제공하고 있습니다. 1993년부터 이 회사는 다른 제품 범주를 추가했지만 패스너는 판매의 약 30%-35%로 가장 큰 범주로 남아 있습니다. Fastenal은 또한 자동 판매기 및 벤더 관리 재고와 같은 공급망 솔루션을 고객에게 제공합니다.",건설/인프라,건축자재,US,(507) 454-5374,https://www.fastenal.com
0,FISV,https://file.alphasquare.co.kr/media/images/stock_logo/us/FISV.png,파이서브,"Fiserv는 중소 규모 은행에 중점을 둔 미국 은행 및 신용 조합을 위한 전자 자금 이체, 지불 처리 및 대출 처리와 같은 핵심 처리 및 보완 서비스를 제공하는 선두 업체입니다. Fiserv는 2019년 First Data와의 합병을 통해 이제 가맹점을 위한 결제 처리 서비스를 제공합니다. 회사 수익의 약 10%가 해외에서 발생합니다.",기타,기타,US,(414) 879-5000,https://www.fiserv.com
0,FITB,https://file.alphasquare.co.kr/media/images/stock_logo/us/FITB.jpeg,피프스 서드 뱅코프,"Fifth Third Bancorp는 신시내티에 본사를 둔 다각화된 금융 서비스 회사입니다. 이 회사는 2,000억 달러 이상의 자산을 보유하고 있으며 오하이오, 켄터키, 인디애나, 미시간, 일리노이, 플로리다, 테네시, 웨스트버지니아, 조지아 및 노스캐롤라이나 전역에서 수많은 풀 서비스 뱅킹 센터와 ATM을 운영하고 있습니다.",금융,은행,US,(513) 579-5300,https://www.53.com
0,FIVE,https://file.alphasquare.co.kr/media/images/stock_logo/us/FIVE.jpeg,파이브 빌로우,"Five Below는 2021 회계연도 말 현재 미국에서 1,190개의 매장을 운영하는 가치 지향적인 소매업체입니다. 10대와 10대 초반 소비자를 대상으로 하는 매장은 다양한 상품을 제공하며 대부분의 상품이 6달러 미만입니다. 이 구색은 특히 레저(예: 스포츠 용품, 장난감 및 전자 제품, 2021 회계 연도 매출의 48%), 패션 및 가정(예: 미용 제품 및 액세서리, 가정 용품 및 보관 솔루션)과 같은 여러 범주의 임의 품목에 중점을 둡니다. 2021 회계연도 매출의 30%), 파티 및 스낵(계절 상품, 사탕 및 음료 포함, 2021 회계연도 매출의 22%). 이 체인은 2021 회계연도 말 현재 40개 주에 매장을 두고 있습니다.",소매,판매업체,US,215 546 7909,https://www.fivebelow.com
0,FOX,https://file.alphasquare.co.kr/media/images/stock_logo/us/FOX.png,폭스 Class B,"Fox는 전신 회사인 Twenty First Century Fox가 Disney에 매각하지 않은 자산을 나타냅니다. 나머지 자산에는 Fox News, FOX 방송 네트워크, FS1 및 FS2, Fox Business, Big Ten Network, 28개 소유 및 운영 지역 TV 방송국(17개는 Fox Network와 제휴) 및 Fox Studios 부지가 포함됩니다. Murdoch 가족은 미국 시장에서 라이브 스포츠 및 뉴스의 가치에 대한 대규모 내기를 대표하는 후계 회사를 계속 지배하고 있습니다.",미디어,방송/인터넷방송,US,212.852.7000,https://www.foxcorporation.com
0,FOXA,https://file.alphasquare.co.kr/media/images/stock_logo/us/FOXA.png,폭스 Class A,"Fox는 전신 회사인 Twenty First Century Fox가 Disney에 매각하지 않은 자산을 나타냅니다. 나머지 자산에는 Fox News, FOX 방송 네트워크, FS1 및 FS2, Fox Business, Big Ten Network, 28개 소유 및 운영 지역 TV 방송국(17개는 Fox Network와 제휴) 및 Fox Studios 부지가 포함됩니다. Murdoch 가족은 미국 시장에서 라이브 스포츠 및 뉴스의 가치에 대한 대규모 내기를 대표하는 후계 회사를 계속 지배하고 있습니다.",미디어,방송/인터넷방송,US,212.852.7000,https://www.foxcorporation.com
0,FSLR,https://file.alphasquare.co.kr/media/images/stock_logo/us/FSLR.jpeg,퍼스트 솔라,"First Solar는 유틸리티 규모의 개발 프로젝트에 사용할 태양광 패널, 모듈 및 시스템을 설계하고 제조합니다. 이 회사의 태양광 모듈은 카드뮴 텔루라이드를 사용하여 햇빛을 전기로 변환합니다. 이것을 일반적으로 박막 기술이라고 합니다. First Solar는 세계 최대의 박막 태양광 모듈 제조업체입니다. 베트남, 말레이시아, 미국 및 인도에 생산 라인을 보유하고 있습니다.",하드웨어/IT장비,반도체/반도체장비,US,(602) 414-9300,https://www.firstsolar.com
0,FTNT,https://file.alphasquare.co.kr/media/images/stock_logo/us/FTNT.jpeg,포티넷,"Fortinet은 네트워크 보안, 클라우드 보안, 제로 트러스트 액세스 및 보안 운영을 포괄하는 제품을 제공하는 플랫폼 기반 사이버 보안 공급업체입니다. 회사는 구독 및 지원 기반 비즈니스 판매를 통해 수익의 대부분을 얻습니다. 캘리포니아에 본사를 둔 이 회사는 전 세계적으로 500,000명 이상의 고객을 보유하고 있습니다.",하드웨어/IT장비,컴퓨터/주변기기,US,408-235-7700,https://www.fortinet.com
0,FWONA,https://file.alphasquare.co.kr/media/images/stock_logo/us/FWONA.svg,리버티 미디어 포뮬러 원 시리즈 A,"Formula One Group은 FIA Formula One World Championship 시리즈에 대한 독점 상업 및 판촉권을 관리하며 이러한 권리의 수익 창출이 그룹의 주요 사업입니다. 이 회사는 FIA(규제 기관), 시리즈에 참가하는 팀, 레이스 프로모터를 포함한 시리즈의 상업 파트너 등 세 파트너와 협력하여 Formula One 레이스 시리즈의 개발 및 프로모션을 담당합니다. 방송사, 스폰서 및 광고주. Formula One Group은 2017년 1월 회사를 인수한 Liberty Media의 자회사입니다. Formula One 주식은 Liberty Media와 함께 Formula One Group 산하 자산의 추적 주식입니다.",미디어,방송/인터넷방송,US,720-875-5400,http://www.libertymedia.com
0,FWONK,https://file.alphasquare.co.kr/media/images/stock_logo/us/FWONK.svg,리버티 미디어 포뮬러 원 시리즈 C,"Formula One Group은 FIA Formula One World Championship 시리즈에 대한 독점 상업 및 판촉권을 관리하며 이러한 권리의 수익 창출이 그룹의 주요 사업입니다. 이 회사는 FIA(규제 기관), 시리즈에 참가하는 팀, 레이스 프로모터를 포함한 시리즈의 상업 파트너 등 세 파트너와 협력하여 Formula One 레이스 시리즈의 개발 및 프로모션을 담당합니다. 방송사, 스폰서 및 광고주. Formula One Group은 2017년 1월 회사를 인수한 Liberty Media의 자회사입니다. Formula One 주식은 Liberty Media와 함께 Formula One Group 산하 자산의 추적 주식입니다.",,,US,,http://www.libertymedia.com
0,GEHC,,GE 헬스케어 테크놀로지스,"GE HealthCare Technologies Inc는 세계적인 의료 기술, 의약품 진단 및 디지털 솔루션 혁신 기업입니다. 4개의 운영 부문이 있습니다. 이미징, 초음파, 환자 치료 솔루션(PCS) 및 제약 진단(PDx). 이미징 부문에서 수익의 대부분을 얻습니다.",헬스케어,의료장비/용품,US,203-360-4369,https://www.gehealthcare.com/
0,GEN,https://file.alphasquare.co.kr/media/images/stock_logo/us/NLOK.png,젠 디지털,"Gen은 개인 소비자에게 보안, 신원 보호 및 개인 정보 보호 솔루션을 제공하는 사이버 보안 순수 플레이입니다. Norton, Avast 및 LifeLock과 같은 브랜드를 통한 이 회사의 사이버 안전 제품은 가장 인지도가 높은 소비자 중심 보안 및 신원 보호 제품의 일부로서의 위치를 오랫동안 유지해 왔습니다.",IT/ICT,소프트웨어,US,650-527-2900,https://www.gendigital.com
0,GFS,https://file.alphasquare.co.kr/media/images/stock_logo/us/GFS.jpeg,글로벌파운드리,"GlobalFoundries는 2009년 분사되기 전에 원래 Advanced Micro Devices의 제조 부서였던 주요 전담 계약 칩 제조업체입니다. 파운드리는 스마트폰, PC, 사물 인터넷, 데이터 센터, 자동차, 산업 등 다양한 최종 시장에 칩을 판매하지만 주로 보다 성숙한 공정 기술에 중점을 둡니다. 2021년까지 이 회사는 아랍에미리트(UAE) 국부펀드인 무바다라 인베스트먼트가 비공개로 소유했다. GlobalFoundries는 2009년에 Chartered Semiconductor Manufacturing과 합병했고 2014년에는 IBM의 칩 제조 사업부를 인수했습니다.",,,US,,https://www.gf.com
0,GILD,https://file.alphasquare.co.kr/media/images/stock_logo/us/GILD.jpeg,길리어드 사이언스,"Gilead Sciences는 HIV와 B형 및 C형 간염에 중점을 둔 포트폴리오의 핵심으로 생명을 위협하는 감염성 질병을 치료하기 위한 치료법을 개발하고 판매합니다. Corus Pharma, Myogen, CV Therapeutics, Arresto Biosciences 및 Calistoga를 인수하면서 이 초점을 다음으로 확대했습니다. 폐 및 심혈관 질환 및 암을 포함한다. Gilead의 Pharmasset 인수로 복합제 Harvoni의 일부인 C형 간염 치료제 Sovaldi에 대한 권리가 부여되었으며 Kite, Forty Seven 및 Immunomedics 인수로 종양학 분야에서 Gilead의 세포 요법 및 비세포 요법에 대한 노출이 증가했습니다.",헬스케어,생명과학/공학,US,(650) 574-3000,https://www.gilead.com
0,GLPI,https://file.alphasquare.co.kr/media/images/stock_logo/us/GLPI.png,게이밍 앤드 레저 프로퍼티스,Gaming and Leisure Properties Inc(GLP)는 미국 전역에서 Penn National Gaming(Penn)의 전액 출자 자회사에 게임 및 관련 시설을 임대하는 부동산 투자 부동산 신탁입니다. GLP는 운영을 GLP Capital 및 TRS 속성 부서. 이 회사는 주로 미국 중서부에 위치한 부둣가 및 육상 기반 카지노에서 임대 수입의 형태로 GLP 자본 단위에서 수익의 대부분을 얻습니다. 거의 모든 GLP Capital의 임대는 Penn에게 향후 연장 옵션을 제공하는 장기 계약입니다. Hollywood Casino Perryville 및 Hollywood Casino Baton Rouge의 운영을 포함하는 TRS Properties가 창출하는 게임 수익도 GLP의 상당한 수입원을 나타냅니다.,금융,부동산,US,610-401-2900,https://www.glpropinc.com
0,GMAB,https://file.alphasquare.co.kr/media/images/stock_logo/us/GMAB.png,젠맵 ADR,"Genmab은 코펜하겐에 본사를 둔 암 치료용 항체 치료제를 전문으로 하는 생명공학 회사입니다. 젠맙의 독자적인 항체 기술은 DuoBody, HexaBody, DuoHexaBody, HexElect입니다. Johnson & Johnson은 Genmab과 제휴하여 Darzalex를 만들었습니다. Darzalex는 다발성 골수종 치료의 표준으로 간주되며 Genmab의 주요 제품입니다. Genmab은 또한 갑상선 안질환 치료제 Tepezza(Horizon과 제휴), 재발성 다발성 경화증 치료제 Kesimpta(Novartis와 제휴), 비소세포폐암(NSCLC) 치료제 Rybrevant(Johnson & Johnson과 제휴), Tivdak( Seagen과 제휴) 자궁경부암 치료제. Genmab에는 다른 종양 적응증을 표적으로 하는 여러 파이프라인 후보가 있습니다.",,,US,,https://www.genmab.com
0,GOOG,https://file.alphasquare.co.kr/media/images/stock_logo/us/GOOG.png,알파벳 Class C,"알파벳은 지주회사입니다. 인터넷 미디어 거대 기업인 Google은 전액 출자 자회사입니다. Google은 Alphabet 수익의 99%를 창출하며 그 중 85% 이상이 온라인 광고에서 발생합니다. Google의 기타 수익은 Google Play 및 YouTube의 앱 및 콘텐츠 판매와 클라우드 서비스 요금 및 기타 라이선스 수익에서 발생합니다. Chromebook, Pixel 스마트폰, Nest 및 Google Home을 포함한 스마트 홈 제품과 같은 하드웨어 판매도 다른 수익에 기여합니다. Alphabet의 문샷 투자는 건강을 향상시키는 기술(Verily), 가정에 대한 더 빠른 인터넷 액세스(Google Fiber), 자율 주행 자동차(Waymo) 등에 베팅하는 다른 베팅 부문에 있습니다. 알파벳의 영업 마진은 25~30%였고, 구글은 30%, 다른 베팅은 적자였다.",IT/ICT,IT서비스,US,650-253-0000,https://www.abc.xyz
0,GOOGL,https://file.alphasquare.co.kr/media/images/stock_logo/us/GOOGL.png,알파벳 Class A,"알파벳은 지주회사입니다. 인터넷 미디어 거대 기업인 Google은 전액 출자 자회사입니다. Google은 Alphabet 수익의 99%를 창출하며 그 중 85% 이상이 온라인 광고에서 발생합니다. Google의 기타 수익은 Google Play 및 YouTube의 앱 및 콘텐츠 판매와 클라우드 서비스 요금 및 기타 라이선스 수익에서 발생합니다. Chromebook, Pixel 스마트폰, Nest 및 Google Home을 포함한 스마트 홈 제품과 같은 하드웨어 판매도 다른 수익에 기여합니다. Alphabet의 문샷 투자는 건강을 향상시키는 기술(Verily), 가정에 대한 더 빠른 인터넷 액세스(Google Fiber), 자율 주행 자동차(Waymo) 등에 베팅하는 다른 베팅 부문에 있습니다. 알파벳의 영업 마진은 25~30%였고, 구글은 30%, 다른 베팅은 적자였다.",IT/ICT,IT서비스,US,650-253-0000,https://www.abc.xyz
0,GRAB,,그랩 홀딩스,"2012년에 설립된 Grab은 모바일 플랫폼을 통해 동남아시아 8개국에서 차량 공유 서비스, 음식 및 식료품 배달, 금융 서비스(결제, 소비자 대출 및 기업 서비스)를 제공합니다. 이 회사는 판매자 및 라이더와 파트너 관계를 맺고 소비자와 연결하면서 양측에 수수료를 부과합니다. Grab은 핵심 사업인 차량 공유 및 음식 배달에서 시장 점유율 89%를 차지하고 수익의 89%를 창출합니다. 싱가포르와 말레이시아는 2021년 말 현재 매출의 58%를 기여했습니다. 동남아시아에서 그랩의 주요 경쟁자는 푸드판다(Foodpanda)와 차량 공유 서비스 고투(GoTo)의 고젝(Gojek)이다. 금융 서비스 사업은 아직 초기 단계에 있으며 현재 최소한의 수익을 제공합니다.",,,US,,
0,HBAN,https://file.alphasquare.co.kr/media/images/stock_logo/us/HBAN.png,헌팅턴 뱅크셰어스,"Huntington Bancshares는 오하이오주 콜럼버스에 본사를 둔 지역 은행 지주 회사입니다. 이 은행은 중서부 8개 주에 걸쳐 지점과 ATM 네트워크를 보유하고 있습니다. 1866년에 설립된 Huntington National Bank와 그 계열사는 소비자, 소기업, 상업, 재무 관리, 자산 관리, 중개, 신탁 및 보험 서비스를 제공합니다. 헌팅턴은 또한 자동차 딜러, 장비 금융, 국민 정착, 핵심 주를 넘어 확장되는 자본 시장 서비스를 제공합니다.",금융,은행,US,(614) 480-2265,https://www.huntington.com
0,HOLX,https://file.alphasquare.co.kr/media/images/stock_logo/us/HOLX.png,홀로직,"Hologic은 여성의 건강 관리 요구를 위한 독점 제품을 제조합니다. 이 회사는 진단(전체 매출의 64%, 팬데믹으로 인해 증가), 유방 건강(매출의 21%, 팬데믹으로 인해 억제됨), 수술(12%) 및 골격 건강(2%)의 4개 부문으로 운영됩니다. 이 회사는 전통적으로 유방 건강에 중점을 두었지만 Gen-Probe를 인수하면서 상업적 진단에 더욱 중점을 두었습니다. 미국은 회사 수익의 가장 큰 부분(75%)을 차지하고 유럽(16%), 아시아(6%) 및 기타 국제 시장(3%)이 그 뒤를 따릅니다. Hologic은 매사추세츠 주 베드포드에 본사를 두고 있습니다.",헬스케어,의료장비/용품,US,(508) 263-2900,http://www.hologic.com
0,HON,https://file.alphasquare.co.kr/media/images/stock_logo/us/HON.png,허니웰 인터내셔널,"Honeywell은 1885년 Albert Butz의 회사인 Butz-Thermo Electric Regulator로 시작하여 현대식 온도 조절 장치의 전신을 생산했습니다. 오늘날 Honeywell은 가장 큰 규모의 장비 설치 기반 중 하나를 보유한 글로벌 다중 산업 거대 기업입니다. 항공우주, 건축 기술, 성능 소재 및 기술, 안전 및 생산성 솔루션의 4개 사업 부문을 통해 운영됩니다. 최근 몇 년 동안 회사는 2016년 Intelligrated의 추가와 2018년 Garrett Technologies 및 Resideo의 분사를 포함하여 몇 가지 포트폴리오 변경을 수행했습니다. 2019년에 이 회사는 건물, 항공사 및 중요 인프라에 대한 회사의 도메인 전문 지식을 활용하는 엔터프라이즈 성능 관리 소프트웨어 솔루션인 Honeywell Forge를 출시했습니다.",기타,우주항공/국방,US,704-627-6200,https://www.honeywell.com
0,HSIC,https://file.alphasquare.co.kr/media/images/stock_logo/us/HSIC.jpeg,헨리 셰인,"Henry Schein Inc는 사람과 기술의 네트워크로 구동되는 의료 전문가를 위한 솔루션 회사입니다. 이 회사는 주로 진료소에 기반을 둔 치과 및 개업의뿐만 아니라 대체 진료 장소에 의료 제품 및 서비스를 제공합니다. 회사는 두 개의 보고 부문으로 운영됩니다. 의료 유통 및 기술 및 부가가치 서비스. 의료 유통 부문은 글로벌 치과 및 의료 사업을 결합하고 소모품, 소형 장비, 실험실 제품 및 비타민을 유통합니다. 보고할 수 있는 기술 및 부가가치 서비스 부문은 의료 종사자에게 소프트웨어, 기술 및 기타 부가가치 서비스를 제공합니다. 수익의 대부분은 의료 유통 부문에서 발생합니다.",소매,판매업체,US,(631) 843-5500,https://www.henryschein.com
0,HST,https://file.alphasquare.co.kr/media/images/stock_logo/us/HST.jpeg,호스트 호텔스 & 리조트,"Host Hotels & Resorts는 주로 미국에서 42,000개 이상의 객실을 대표하는 78개의 주로 도시 및 리조트 상위 고급 호텔 및 고급 호텔을 소유하고 있습니다. 호스트는 최근 유럽 전역의 호텔 포트폴리오를 소유한 합작 투자 회사의 지분을 매각했으며 아시아와 미국에서 자산을 소유한 다른 합작 투자 기업도 매각했습니다. 호스트 포트폴리오의 대부분은 Marriott 및 Starwood 브랜드로 운영됩니다.",금융,부동산,US,240-744-1000,https://www.hosthotels.com
0,HTHT,https://file.alphasquare.co.kr/media/images/stock_logo/us/HTHT.png,화주 그룹,"H World Group Ltd는 국제적으로 운영되는 중국의 멀티 브랜드 호텔 그룹입니다. 임대, 관리 및 프랜차이즈 모델로 운영됩니다. 임대 모델은 임대 부동산에 위치한 운영 호텔을 포함합니다. 매니지즈 모델은 그룹이 임명한 현장 호텔 매니저를 통해 호텔을 관리하고 가맹점에서 수수료를 징수한다. 프랜차이즈 모델에는 프랜차이즈 호텔에 대한 교육 및 예약 및 지원 서비스가 포함되지만 현장 호텔 관리자는 임명되지 않습니다.",,,US,,https://ir.hworld.com
0,HZNP,https://file.alphasquare.co.kr/media/images/stock_logo/us/HZNP.png,호라이즌 테라퓨틱스,"Horizon Therapeutics PLC는 생명공학 회사입니다. 이 회사는 희귀, 자가 면역 및 중증 염증성 질환의 영향을 받는 사람들의 중요한 요구를 해결하는 의약품의 발견, 개발 및 상용화에 주력하고 있습니다. 일부 파이프라인 제품에는 UPLIZNA가 포함됩니다. HZN-825; 다조달리베프; 닥스딜리맙; TEPEZZA 등.",헬스케어,제약/건강기능식품,US,011-353-1-772-2100,https://www.horizontherapeutics.com
0,ICLR,https://file.alphasquare.co.kr/media/images/stock_logo/us/ICLR.jpeg,아이콘,"Icon은 제약, 생명 공학 및 의료 기기 회사에 약물 개발 및 임상 시험 서비스를 제공하는 글로벌 후기 단계 계약 연구 기관입니다. Icon은 대부분의 수익이 임상 연구에서 발생하지만 실험실 및 이미징 기능과 같은 보조 서비스도 제공합니다. 회사는 아일랜드에 본사를 두고 있습니다.",,,US,,https://www.iconplc.com
0,IDXX,https://file.alphasquare.co.kr/media/images/stock_logo/us/IDXX.png,아이덱스 래보라토리스,"Idexx Laboratories는 주로 애완 동물 및 가축을 위한 진단 제품, 장비 및 서비스를 개발, 제조 및 배포합니다. 주요 제품 라인에는 수의사가 사무실에서 사용할 수 있는 일회용 개 및 고양이 테스트 키트, 현장 테스트 패널 분석을 위한 벤치탑 화학 및 혈액학 분석기, 참조 실험실 서비스, 가축의 질병을 감지하고 관리하기 위한 테스트가 포함됩니다. 이 회사는 또한 동물 병원에 수의사 진료 관리 소프트웨어 및 컨설팅 서비스를 제공합니다. Idexx는 미국 이외 지역에서 수익의 약 38%를 얻습니다.",헬스케어,의료장비/용품,US,(207) 556-0300,https://www.idexx.com
0,IEP,https://file.alphasquare.co.kr/media/images/stock_logo/us/IEP.png,Icahn Enterprises Units,"Icahn Enterprises LP는 미국에서 다양한 비즈니스 서비스를 제공하는 제공업체입니다. 이 회사는 투자, 자동차, 에너지, 식품 포장, 부동산, 제약 및 홈 패션을 포함한 다양한 부문을 통해 사업을 운영합니다. 이 중 에너지 부문은 회사로부터 최대 수익을 얻습니다. 지리적으로 미국에서 최대 수익을 창출합니다.",자동차,자동차부품,US,(305) 422-4100,https://www.ielp.com
0,ILMN,https://file.alphasquare.co.kr/media/images/stock_logo/us/ILMN.jpeg,일루미나,"Illumina는 생명 과학 및 임상 실험실 애플리케이션으로 유전 물질을 분석하는 도구와 서비스를 제공합니다. 이 회사는 시퀀싱 장비, 소모품 및 서비스에서 매출의 90% 이상을 창출합니다. Illumina의 고처리량 기술은 인간 및 기타 대형 유기체의 전체 게놈 시퀀싱을 가능하게 합니다. 낮은 처리량 도구를 사용하면 바이러스 및 암 종양 스크리닝과 같이 더 작은 데이터 출력이 필요한 애플리케이션을 사용할 수 있습니다. Illumina는 또한 주로 소비자 및 농업 응용 분야에서 저렴한 비용으로 집중적인 유전자 스크리닝을 가능하게 하는 마이크로어레이(매출의 10% 미만)를 판매합니다.",헬스케어,의료장비/용품,US,(858) 202-4500,https://www.illumina.com
0,INCY,https://file.alphasquare.co.kr/media/images/stock_logo/us/INCY.jpeg,인사이트,"Incyte는 소분자 약물의 발견 및 개발에 중점을 둡니다. 이 회사의 주요 약물인 Jakafi는 두 가지 유형의 희귀 혈액암과 이식편대숙주병을 치료하며 Novartis와 파트너 관계를 맺고 있습니다. Incyte의 다른 판매 약물에는 류마티스 관절염 치료제 Olumiant(Lilly에 허가됨), 종양 치료제 Iclusig(만성 골수성 백혈병), Pemazyre(담관암종), Tabrecta(폐암) 및 Monjuvi(미만성 거대 B세포 림프종)가 포함됩니다. 회사의 첫 번째 피부과 제품인 Opzelura는 2021년 아토피 피부염과 2022년 백반증에 대해 승인되었습니다. Incyte의 파이프라인에는 광범위한 종양학 및 피부과 프로그램이 포함됩니다.",헬스케어,생명과학/공학,US,(302) 498-6700,https://www.incyte.com
0,INTC,https://file.alphasquare.co.kr/media/images/stock_logo/us/INTC.png,인텔,"인텔은 세계 최대의 로직 칩 제조업체입니다. 글로벌 개인용 컴퓨터 및 데이터 센터 시장을 위한 마이크로프로세서를 설계하고 제조합니다. 인텔은 마이크로프로세서용 x86 아키텍처를 개척했습니다. 회사는 최근 제조 지연에 직면했지만 반도체 제조의 발전에 대한 무어의 법칙의 주요 지지자였습니다. 인텔의 서버 프로세서 사업은 클라우드로의 전환으로 이익을 얻었지만 개인용 컴퓨터 시장이 침체되면서 회사는 새로운 인접 분야로 확장하고 있습니다. 여기에는 사물 인터넷, 인공 지능 및 자동차와 같은 영역이 포함됩니다. 인텔은 비 PC 영역에서 이러한 노력을 강화하기 위해 Altera, Mobileye 및 Habana Labs를 인수하는 인수합병 전선에 적극적으로 참여했습니다.",하드웨어/IT장비,반도체/반도체장비,US,(408) 765-8080,https://www.intel.com
0,INTU,https://file.alphasquare.co.kr/media/images/stock_logo/us/INTU.png,인튜이트,"Intuit는 소기업 회계 소프트웨어(QuickBooks), 개인 세금 솔루션(TurboTax) 및 전문 세금 서비스(Lacerte) 제공업체입니다. 1980년대 중반에 설립된 Intuit는 중소기업 회계 및 DIY 세금 신고 소프트웨어에 대한 미국 시장 점유율의 대부분을 장악하고 있습니다.",IT/ICT,소프트웨어,US,650-944-6000,https://www.intuit.com
0,ISRG,https://file.alphasquare.co.kr/media/images/stock_logo/us/ISRG.png,인튜이티브 서지컬,"Intuitive Surgical은 최소 침습 수술을 지원하는 로봇 시스템을 개발, 생산 및 판매합니다. 또한 시스템에 대한 기기, 일회용 액세서리 및 보증 서비스를 제공합니다. 이 회사는 전 세계 병원에 약 7,000개의 da Vinci 시스템을 배치했으며 미국에 4,000개 이상 설치했으며 신흥 시장에서 그 수가 증가하고 있습니다.",헬스케어,의료장비/용품,US,(408) 523-2100,https://www.intuitive.com
0,JBHT,https://file.alphasquare.co.kr/media/images/stock_logo/us/JBHT.jpeg,J.B 헌트 운송 서비스,"J.B. Hunt Transport Services는 수익 기준 북미 최고의 육상 운송 회사 중 하나입니다. 주요 운영 부문은 복합 운송으로, 소유 컨테이너의 기본 라인 운송 이동을 위해 클래스 I 철도 운송업체를 사용합니다(2022년 매출의 47%). 고객별 차량 요구 사항을 제공하는 전용 트럭 서비스(23%); 임대 트럭 (7%); 중량물 최종 마일 배송(7%) 및 자산 경트럭 중개(16%).",운송,항공화물운송/물류,US,479-820-0000,https://www.jbhunt.com
0,JD,https://file.alphasquare.co.kr/media/images/stock_logo/us/JD.png,제이디닷컴 ADR,"JD.com은 총 거래량 측면에서 Alibaba에 이어 중국에서 두 번째로 큰 전자상거래 회사로, 빠르고 안정적인 배송과 함께 경쟁력 있는 가격으로 다양한 정품 제품을 제공합니다. 이 회사는 온라인 직접 판매, 온라인 마켓플레이스 및 옴니채널 비즈니스를 모두 지원하는 자체 직원이 배치된 전국적인 주문 처리 인프라와 라스트 마일 배송 네트워크를 구축했습니다.",,,US,,https://www.jd.com
0,JKHY,https://file.alphasquare.co.kr/media/images/stock_logo/us/JKHY.jpeg,잭 헨리 & 어소시에이츠,"Jack Henry는 중소 규모 은행에 중점을 둔 미국 은행 및 신용 조합을 위한 전자 자금 이체, 지불 처리 및 대출 처리와 같은 핵심 처리 및 보완 서비스를 제공하는 선두 업체입니다. Jack Henry는 약 1,000개의 은행과 800개의 신용 조합에 서비스를 제공합니다.",IT/ICT,IT서비스,US,(417) 235-6652,https://www.jackhenry.com
0,KDP,https://file.alphasquare.co.kr/media/images/stock_logo/us/KDP.png,큐리그 닥터 페퍼,"Keurig Dr Pepper는 Keurig Green Mountain Coffee와 Dr Pepper Snapple이 합병하여 2018년에 설립되었습니다. 이 회사는 Keurig 및 Green Mountain 브랜드로 커피 시스템(커피 브루어 및 1인용 커피 포드 포함)과 잘 알려진 브랜드로 맛을 낸(콜라가 아닌) 스파클링 청량 음료를 포함한 즉석 음료를 제조 및 유통합니다. 닥터페퍼, 스내플, 캐나다 드라이 등. 회사는 자체 제조 공장 및 유통 인프라를 통해 자체 브랜드의 생산 및 시장 출시 경로를 제어하고 이러한 시설을 활용하여 라이센스 및 파트너십 계약을 통해 타사 커피 및 음료 브랜드를 제조 및 유통합니다. 미국과 캐나다가 매출의 95%를 차지하고 나머지는 멕시코에서 나온다.",음식료/식자재,음료/주류,US,781-418-7000,https://www.keurigdrpepper.com
0,KHC,https://file.alphasquare.co.kr/media/images/stock_logo/us/KHC.jpeg,크래프트 하인즈,"2015년 7월 Kraft는 Heinz와 합병하여 PepsiCo와 Nestle에 이어 북미에서 세 번째로 큰 식품 및 음료 제조업체이자 세계에서 다섯 번째로 큰 업체가 되었습니다. 이름을 딴 브랜드 외에도 결합된 회사의 포트폴리오에는 Oscar Mayer, Velveeta 및 Philadelphia가 포함됩니다. 북미 이외의 지역에서 회사의 글로벌 범위는 190개 이상의 국가 및 지역에서 제품이 판매되기 때문에 통합 판매 기반의 20%-25%를 주도하는 유럽 및 신흥 시장의 유통 네트워크를 포함합니다.",음식료/식자재,식품,US,412-456-5700,https://www.kraftheinzcompany.com
0,KLAC,https://file.alphasquare.co.kr/media/images/stock_logo/us/KLAC.jpeg,KLA,"KLA는 반도체 제조 산업을 위한 수율 관리 및 프로세스 모니터링 진단 및 제어 시스템을 설계 및 제조합니다. 이 시스템은 반도체 개발의 다양한 단계에서 제조 공정을 분석하는 데 사용됩니다. 이 회사의 레이저 스캐닝 제품은 웨이퍼 검증, 프로세스 모니터링 및 장비 모니터링에 사용됩니다. KLA는 또한 광학 계측 및 전자빔 계측을 위한 검사 도구 및 시스템을 제공합니다.",헬스케어,의료장비/용품,US,(408) 875-3000,https://www.kla.com
0,LBRDA,https://file.alphasquare.co.kr/media/images/stock_logo/us/LBRDA.png,리버티 브로드밴드 시리즈 A,"Liberty Broadband Corp는 미국의 통신 산업에 서비스를 제공합니다. 광섬유, 하이브리드 광섬유 및 동축 케이블 인프라를 통해 주거 및 중소기업 모두에 케이블 서비스를 제공합니다. 회사가 제공하는 서비스는 영상 서비스, 인터넷 서비스, 음성 서비스, 모바일 서비스를 포함하는 주거 서비스, 중소기업 및 엔터프라이즈 솔루션을 포함하는 상업 서비스, 광고 서비스, 보안 및 홈 관리를 포함하는 기타 서비스입니다. 회사의 보고 부문은 GCI Holdings, Charter입니다. 회사는 GCI Holdings에서 수익의 대부분을 얻습니다.",미디어,엔터테인먼트,US,720-875-5400,https://www.libertybroadband.com
0,LBRDK,https://file.alphasquare.co.kr/media/images/stock_logo/us/LBRDK.png,리버티 브로드밴드 시리즈 C,"Liberty Broadband Corp는 미국의 통신 산업에 서비스를 제공합니다. 광섬유, 하이브리드 광섬유 및 동축 케이블 인프라를 통해 주거 및 중소기업 모두에 케이블 서비스를 제공합니다. 회사가 제공하는 서비스는 영상 서비스, 인터넷 서비스, 음성 서비스, 모바일 서비스를 포함하는 주거 서비스, 중소기업 및 엔터프라이즈 솔루션을 포함하는 상업 서비스, 광고 서비스, 보안 및 홈 관리를 포함하는 기타 서비스입니다. 회사의 보고 부문은 GCI Holdings, Charter입니다. 회사는 GCI Holdings에서 수익의 대부분을 얻습니다.",미디어,엔터테인먼트,US,720-875-5400,https://www.libertybroadband.com
0,LCID,https://file.alphasquare.co.kr/media/images/stock_logo/us/LCID.jpeg,루시드 그룹,"Lucid Group Inc는 기술 및 자동차 회사입니다. 차세대 전기 자동차(EV) 기술을 개발합니다. 자체 장비와 공장을 사용하여 전기 자동차, EV 파워트레인 및 배터리 시스템을 자체적으로 설계, 엔지니어링 및 구축하는 수직 통합 회사입니다.",자동차,자동차부품,US,(510) 648-3553,https://www.lucidmotors.com
0,LI,https://file.alphasquare.co.kr/media/images/stock_logo/us/LI.png,리 오토 ADR,"Li Auto는 프리미엄 스마트 NEV를 설계, 개발, 제조 및 판매하는 선도적인 중국 NEV 제조업체입니다. 회사는 2019년 11월 첫 번째 모델인 Li One의 양산을 시작했습니다. 이 모델은 6인승 대형 프리미엄 플러그인 전기 SUV로 주행거리 확장 시스템과 첨단 스마트 차량 솔루션을 갖췄다. 2022년에는 133,000대 이상의 NEV를 판매하여 중국 승용차 신에너지 자동차 시장의 약 2%를 차지했습니다. Li One을 넘어 BEV와 PHEV를 모두 포함하는 제품 라인을 확장하여 보다 광범위한 소비자 기반을 공략할 것입니다.",,,US,,https://www.lixiang.com
0,LKQ,https://file.alphasquare.co.kr/media/images/stock_logo/us/LKQ.jpeg,LKQ,"LKQ는 non-OEM 자동차 부품의 글로벌 유통업체입니다. 1998년 미국에서 자동차 구조 작업의 통합자로 처음 설립된 이후 유럽과 북미 지역에서 새로운 기계 및 충돌 부품, 특수 자동차 장비, 재생산 및 재활용 부품의 유통을 포함하도록 범위를 크게 확장했습니다. 그것은 여전히 자동 회수 사업을 유지하고 70 개가 넘는 LKQ 부품 선택 폐차장을 소유하고 있습니다. 셀프 서비스 사업과는 별개로 LKQ는 재판매를 위해 부품을 추출하는 데 사용되는 300,000대 이상의 폐차를 연간 구매합니다. 전 세계적으로 회사는 약 1,700개의 시설을 유지 관리합니다.",소매,판매업체,US,312-621-1950,https://www.lkqcorp.com
0,LNT,https://file.alphasquare.co.kr/media/images/stock_logo/us/LNT.jpeg,얼라이언트 에너지,"Alliant Energy는 Interstate Power and Light와 Wisconsin Power and Light라는 규제 대상 유틸리티 두 곳의 모회사로 거의 985,000명의 전기 고객과 425,000명의 천연 가스 고객에게 서비스를 제공하고 있습니다. 두 자회사는 전기의 생성 및 분배와 천연 가스의 분배 및 운송에 관여합니다. Alliant는 또한 American Transmission Co.의 지분 16%를 소유하고 있습니다.",에너지,전기,US,608-458-3311,https://www.alliantenergy.com
0,LPLA,https://file.alphasquare.co.kr/media/images/stock_logo/us/LPLA.jpeg,LPL 파이낸셜 홀딩스,"LPL Financial Holdings는 독자적인 브로커-딜러로 금융 고문 및 기관에 독점 기술, 중개 및 투자 자문 서비스 플랫폼을 제공합니다. 2022년 말 현재 이 회사는 플랫폼에서 1조 달러 이상의 고객 자산을 관리하는 거의 20,000명의 고문을 보유하고 있습니다.",금융,증권,US,800-877-7210,https://www.lpl.com
0,LRCX,https://file.alphasquare.co.kr/media/images/stock_logo/us/LRCX.jpeg,램 리서치,"Lam Research는 반도체 제조에 사용되는 장비를 제조합니다. 이 회사는 반도체 제조 공정의 핵심 단계인 식각, 증착 및 클린 시장, 특히 3D NAND 플래시 스토리지, 고급 DRAM 및 첨단 로직/파운드리 칩 제조업체에 주력하고 있습니다. Lam의 주력 제품인 Kiyo, Vector 및 Sabre 제품은 모든 주요 지역에서 Samsung Electronics, Micron, Intel, SK Hynix 및 Taiwan Semiconductor Manufacturing과 같은 주요 고객에게 판매됩니다.",건설/인프라,기계,US,(510) 659-0200,https://www.lamresearch.com
0,LSCC,https://file.alphasquare.co.kr/media/images/stock_logo/us/LSCC.png,래티스 세미컨덕터,"Lattice Semiconductor Corp은 제품, 솔루션 및 라이선스를 통해 배포하는 반도체 기술 개발업체입니다. 이 회사는 소비자, 통신 및 산업 시장을 통해 고객에게 도달합니다. Lattice의 제품 라인은 프로그래밍 가능 논리 장치, 비디오 연결 애플리케이션별 표준 제품 및 웨이브 장치로 구성됩니다. 제품 제공을 통해 소비자 시장의 고객은 더 많은 컴퓨팅 성능, 더 높은 해상도의 비디오를 활용하고 에너지 소비를 줄이는 기술을 구축할 수 있습니다. 산업 및 통신 시장의 고객은 제품에 대한 데이터 수집, 더 높은 대역폭 및 향상된 안정성을 통해 도움을 받습니다. Lattice의 제품은 전 세계적으로 제공됩니다. 그러나 매출의 대부분은 아시아 고객으로부터 발생합니다.",하드웨어/IT장비,반도체/반도체장비,US,(503) 268-8000,https://www.latticesemi.com
0,LULU,https://file.alphasquare.co.kr/media/images/stock_logo/us/LULU.jpeg,룰루레몬 애슬레티카,"룰루레몬 애슬레티카 Inc. 여성, 남성 및 소녀용 운동복, 신발 및 액세서리를 디자인, 유통 및 판매합니다. Lululemon은 요가 및 달리기와 같은 레저 및 운동 활동 모두를 위한 바지, 반바지, 상의 및 재킷을 제공합니다. 이 회사는 가방, 요가 매트 및 장비와 같은 피트니스 액세서리도 판매합니다. Lululemon은 18개국 600개 이상의 직영 매장, 전자 상거래, 아울렛 및 도매 계정을 통해 제품을 판매합니다. 이 회사는 1998년에 설립되었으며 캐나다 밴쿠버에 본사를 두고 있습니다.",생활용품/잡화,의류/패션잡화,US,604-732-6124,https://www.lululemon.com
0,MAR,https://file.alphasquare.co.kr/media/images/stock_logo/us/MAR.png,메리어트 인터내셔널,"Marriott는 약 30개 브랜드에 걸쳐 150만 개 이상의 객실을 운영하고 있습니다. 2021년 말 럭셔리는 전체 객실의 10%를 차지했으며, 풀 서비스, 제한적 서비스 및 시분할은 각각 전체 객실의 42%, 47%, 1%였습니다. Marriott, Courtyard 및 Sheraton은 가장 큰 브랜드이며 Autograph, Tribute, Moxy, Aloft 및 Element는 새로운 라이프 스타일 브랜드입니다. 전체 객실의 97%를 관리 및 프랜차이즈 객실이 차지합니다. 북미 지역이 전체 객실의 2/3를 차지합니다. 관리, 프랜차이즈 및 인센티브 수수료는 회사의 수익과 수익성의 대부분을 나타냅니다.",여행/레저,호텔리조트,US,(301) 380-3000,https://www.marriott.com
0,MBLY,,모빌아이 글로벌,"Mobileye Global Inc는 ADAS와 자율 주행 기술 및 솔루션의 개발 및 배포에 관여합니다. 목적에 맞게 제작된 포괄적인 소프트웨어 및 하드웨어 기술 제품군을 활용하여 미래의 자율 주행에 필요한 기능을 제공하기 위해 종단간 ADAS 및 자율 주행 솔루션 포트폴리오를 구축하고 있습니다. 이 회사의 솔루션은 Driver Assist, Cloud-Enhanced Driver Assist, Mobileye SuperVision Lite, Mobileye SuperVision, Mobileye Chauffeur, Mobileye Drive, Self-Driving System & Vehicles로 구성됩니다. 또한 AI 기반 도로 측량 기술을 통해 유지 보수 작업을 신속하게 수행할 수 있는 데이터 서비스를 제공합니다.",IT/ICT,소프트웨어,US,972 2 541 7333,https://www.mobileye.com
0,MCHP,https://file.alphasquare.co.kr/media/images/stock_logo/us/MCHP.jpeg,마이크로칩 테크놀러지,"Microchip Technology는 General Instrument에서 분사된 1989년에 독립 회사가 되었습니다. 수익의 절반 이상이 MCU에서 나옵니다. MCU는 원격 제어에서 차고 문 개폐기, 자동차의 파워 윈도우에 이르기까지 다양한 전자 장치에 사용됩니다. 이 회사의 강점은 기술적으로 덜 진보된 더 넓은 범위의 장치에 적합한 로우엔드 8비트 MCU에 있지만 회사는 하이엔드 MCU 및 아날로그 칩에서도 입지를 확장했습니다.",하드웨어/IT장비,반도체/반도체장비,US,480-792-7200,https://www.microchip.com
0,MDB,https://file.alphasquare.co.kr/media/images/stock_logo/us/MDB.jpeg,몽고DB,"2007년에 설립된 MongoDB는 약 33,000명의 유료 고객과 150만 명 이상의 무료 사용자를 보유한 문서 지향 데이터베이스입니다. MongoDB는 NoSQL 데이터베이스에 대한 서비스로 라이선스와 구독을 모두 제공합니다. MongoDB의 데이터베이스는 모든 주요 프로그래밍 언어와 호환되며 다양한 사용 사례에 배포할 수 있습니다.",IT/ICT,소프트웨어,US,866-237-8815,https://www.mongodb.com
0,MDLZ,https://file.alphasquare.co.kr/media/images/stock_logo/us/MDLZ.png,몬덜리즈 인터내셔널,"Mondelez는 2012년 10월 이전 Kraft Foods 북미 식료품 사업부에서 분리된 이후 독립 조직으로 운영되었습니다. 이 회사는 비스킷(매출의 50%), 초콜릿(30%), 껌/캔디(11%), 음료(3%), 치즈 및 식료품(6 %) 통로, 2022 회계연도 말 기준. Mondelez의 포트폴리오에는 Oreo, Chips Ahoy, Halls, Trident 및 Cadbury와 같은 잘 알려진 브랜드가 포함됩니다. 이 회사는 개발도상국 시장에서 약 1/3, 유럽에서 36%, 나머지는 북미에서 수익을 창출합니다.",음식료/식자재,식품,US,847-943-4000,https://www.mondelezinternational.com
0,MELI,https://file.alphasquare.co.kr/media/images/stock_logo/us/MELI.jpeg,메르카도리브레,"MercadoLibre는 2022년 말 현재 18개국에 걸쳐 1억 4800만 명 이상의 활성 사용자와 100만 명의 활성 판매자로 구성된 네트워크를 연결하는 라틴 아메리카 최대의 전자상거래 시장을 운영합니다. 이 회사는 또한 배송 솔루션(Mercado Envios), 결제 및 금융 운영(Mercado Pago 및 Mercado Credito), 광고(Mercado Clics), 구인 광고 및 턴키 전자 상거래 솔루션(Mercado Shops)과 함께 다양한 보완 사업을 운영하고 있습니다. 무기고를 마무리합니다. MercadoLibre는 최종 가치 수수료, 광고 로열티, 지불 처리, 삽입 수수료, 구독료, 소비자 및 소기업 대출의 이자 수입으로 수익을 창출합니다.",기타,기타,US,598-2-2927-2770,https://www.mercadolibre.com
0,META,https://file.alphasquare.co.kr/media/images/stock_logo/us/FB.png,메타 플랫폼스,"Meta는 월간 활성 사용자가 37억 개의 앱 제품군을 보유한 세계 최대의 온라인 소셜 네트워크입니다. 사용자는 서로 다른 방식으로 메시지를 교환하고 뉴스 이벤트, 사진 및 비디오를 공유합니다. 회사의 생태계는 주로 Facebook 앱, Instagram, Messenger, WhatsApp 및 이러한 제품을 둘러싼 많은 기능으로 구성됩니다. 사용자는 모바일 장치 및 데스크톱에서 Facebook에 액세스할 수 있습니다. 광고 수익은 회사 총 수익의 90% 이상을 차지하며 미국과 캐나다에서 45% 이상, 유럽에서 20% 이상 발생합니다.",IT/ICT,IT서비스,US,650-618-7714,https://www.facebook.com
